Номер,Название игры,VKplay,Youtube,Rutube,Обложка
1,Человек-Паук: Майлз Моралес,,https://www.youtube.com/watch?v=ZClWrrTwQVs&list=PLcgLfp-cBhJqfOqVUyKFMBtOf_vSpZDYE&pp=iAQB,https://rutube.ru/plst/1730505,https://images.igdb.com/igdb/image/upload/t_cover_big/cobg1j.webp
2,A Plague Tale: Requiem,,https://www.youtube.com/watch?v=oj-XsNB7Wds&list=PLcgLfp-cBhJpMlgE0PbTmCAqtTGJyqQjh&pp=iAQB,https://rutube.ru/plst/1730506,https://images.igdb.com/igdb/image/upload/t_cover_big/co5pwb.webp
3,Alex Kidd in Miracle World DX,,https://www.youtube.com/watch?v=A1m5EkVV_u0&list=PLcgLfp-cBhJq7mnkKaikHSYHHfREDfh_E&pp=iAQB,https://rutube.ru/plst/1730510,https://images.igdb.com/igdb/image/upload/t_cover_big/co3c4f.webp
4,Assassin's Creed® Изгой Обновленная версия,,https://www.youtube.com/watch?v=WxgcZPs7xWk&list=PLcgLfp-cBhJofa1_zclc6UAzIDcvvk058&pp=iAQB,https://rutube.ru/plst/1730514,https://images.igdb.com/igdb/image/upload/t_cover_big/co1xir.webp
5,Assassin's Creed® Синдикат,,https://www.youtube.com/watch?v=2nDu6NRzLDk&list=PLcgLfp-cBhJooFd7jBVyD6Ai4jaJG_rry&pp=iAQB,https://rutube.ru/plst/1730516,https://images.igdb.com/igdb/image/upload/t_cover_big/co1xis.webp
6,Balan Wonderworld,,https://www.youtube.com/watch?v=LMDTq6sFsTQ&list=PLcgLfp-cBhJprOZMt0Gk5WJRSYapyKGdP&pp=iAQB,https://rutube.ru/plst/1730648,https://images.igdb.com/igdb/image/upload/t_cover_big/co2xxs.webp
7,Battlefield™ 1,,https://www.youtube.com/watch?v=WilvByyQfLE&list=PLcgLfp-cBhJr6ZRaAquSkGHZ7yDUQyW0U&pp=iAQB,https://rutube.ru/plst/1730651,https://images.igdb.com/igdb/image/upload/t_cover_big/co2n9d.webp
8,Bayonetta 3,,https://www.youtube.com/watch?v=CYeZgJa9BJQ&list=PLcgLfp-cBhJrXEgN_-yvSDbdouOXUQHZY&pp=iAQB,https://rutube.ru/plst/1730653,https://images.igdb.com/igdb/image/upload/t_cover_big/co4z2i.webp
9,Beyond: Two Souls™,,https://www.youtube.com/watch?v=H9fY8D-77kU&list=PLcgLfp-cBhJpld2NlDJBip5e7heV-Ypkr&pp=iAQB,https://rutube.ru/plst/1730656,https://images.igdb.com/igdb/image/upload/t_cover_big/co8r4w.webp
10,Burnout Paradise Remastered,,https://www.youtube.com/watch?v=zJ1iiur7A-U&list=PLcgLfp-cBhJrNPNmFjdEgVYnEb0TBjHVi&pp=iAQB,https://rutube.ru/plst/1730658,https://images.igdb.com/igdb/image/upload/t_cover_big/coajkt.webp
11,Call of Duty: Modern Warfare II,,https://www.youtube.com/watch?v=brAaImrBpfM&list=PLcgLfp-cBhJpr3eYHLeAX2vhTEeR3vzT7&pp=iAQB,https://rutube.ru/plst/1730659,https://images.igdb.com/igdb/image/upload/t_cover_big/co4sbw.webp
12,Call of Duty® Modern Warfare III (2023),,https://www.youtube.com/watch?v=ClEnLvQmLbw&list=PLcgLfp-cBhJptOtuX0QNa8iKRTpnVYzvn&pp=gAQBiAQB,https://rutube.ru/plst/1730660,https://images.igdb.com/igdb/image/upload/t_cover_big/co7ctx.webp
13,Concrete Genie,,https://www.youtube.com/watch?v=WjTnDnlHXyA&list=PLcgLfp-cBhJq520lK7U9ifd16k_rpS_3C&pp=iAQB,https://rutube.ru/plst/1730665,https://images.igdb.com/igdb/image/upload/t_cover_big/co3u25.webp
14,Control Ultimate Edition DLC,,https://www.youtube.com/watch?v=MwqV0KBTGRY&list=PLcgLfp-cBhJoFhXyCEQLxABddzpW0aGae&pp=iAQB,https://rutube.ru/plst/1730666,https://images.igdb.com/igdb/image/upload/t_cover_big/co2ewb.webp
15,Crash Bandicoot 4: Это вопрос времени,,https://www.youtube.com/watch?v=lGMcYxXoLBk&list=PLcgLfp-cBhJoYWXyb6nK1T7eIs7IbuWcE&pp=iAQB,https://rutube.ru/plst/1730667,https://images.igdb.com/igdb/image/upload/t_cover_big/co2hp4.webp
16,Dead Space 2023,,https://www.youtube.com/watch?v=H74osSTrRtE&list=PLcgLfp-cBhJrSIN-HbM1vbbFDFlekOpLj&pp=iAQB,https://rutube.ru/plst/1730673,https://images.igdb.com/igdb/image/upload/t_cover_big/cobkv5.webp
17,Deathloop,,https://www.youtube.com/watch?v=bKW77QvCDo0&list=PLcgLfp-cBhJq1-wfTqkh8sVUSj6hTPLo_&pp=iAQB,https://rutube.ru/plst/1730674,https://images.igdb.com/igdb/image/upload/t_cover_big/co4nzt.webp
18,Demon’s Souls,,https://www.youtube.com/watch?v=nWQUGdV5UAw&list=PLcgLfp-cBhJrDfOfIo96IEw4ZOgek_w8c&pp=iAQB,https://rutube.ru/plst/1730677,https://images.igdb.com/igdb/image/upload/t_cover_big/co2kj9.webp
19,Deus Ex: Mankind Divided™,,https://www.youtube.com/watch?v=LhuO7xoC6fA&list=PLcgLfp-cBhJqJu8sHP4wJX-tz7C39tGJ9&pp=iAQB,https://rutube.ru/plst/1730681,https://images.igdb.com/igdb/image/upload/t_cover_big/co25jt.webp
20,DOOM,,https://www.youtube.com/watch?v=_Kv3bzn_5c8&list=PLcgLfp-cBhJpWgMK6HWy-kTQM4eK7phJp&pp=iAQB,https://rutube.ru/plst/1730686,https://images.igdb.com/igdb/image/upload/t_cover_big/co1nc7.webp
21,Far Cry 4,,https://www.youtube.com/watch?v=5EREol92xFg&list=PLcgLfp-cBhJoK8hETraPFCXPvedk89iEX&pp=iAQB,https://rutube.ru/plst/1730690,https://images.igdb.com/igdb/image/upload/t_cover_big/co2npa.webp
22,Far Cry Primal,,https://www.youtube.com/watch?v=_r_YTfj_yfc&list=PLcgLfp-cBhJrGXKiso1ajh8bWa0gDZ2dT&pp=iAQB,https://rutube.ru/plst/1730691,https://images.igdb.com/igdb/image/upload/t_cover_big/co28ha.webp
23,Ghost of Tsushima: Iki Island,,https://www.youtube.com/watch?v=62dK_p0YZ1g&list=PLcgLfp-cBhJplE1ofc-OSMOJ8pYZORdmy&pp=iAQB,https://rutube.ru/plst/1730702,https://images.igdb.com/igdb/image/upload/t_cover_big/co3gl4.webp
24,God of War: Ragnarök,,https://www.youtube.com/watch?v=vNVlNV3tIb4&list=PLcgLfp-cBhJrO2MeHbD3_xinA8B_auCnB&pp=iAQB,https://rutube.ru/plst/1730705,https://images.igdb.com/igdb/image/upload/t_cover_big/coba3d.webp
25,Hello Neighbor 2,,https://www.youtube.com/watch?v=VKWP1yEvsuc&list=PLcgLfp-cBhJpA8K8wCQuzaTGYVsgI4Rom&pp=iAQB,https://rutube.ru/plst/1730709,https://images.igdb.com/igdb/image/upload/t_cover_big/co81i8.webp
26,High on Life,,https://www.youtube.com/watch?v=m6FP3t5OEEQ&list=PLcgLfp-cBhJpxyzYV29bPCYvxCpNl9TPU&pp=iAQB,https://rutube.ru/plst/1730713,https://images.igdb.com/igdb/image/upload/t_cover_big/co67qo.webp
27,Horizon Zero Dawn: The Frozen Wilds dlc,,https://www.youtube.com/watch?v=PA0sySkFO_g&list=PLcgLfp-cBhJqR30KhZMft7BmyYWfrAIC4&pp=iAQB,https://rutube.ru/plst/1730721,https://images.igdb.com/igdb/image/upload/t_cover_big/co4hjg.webp
28,Hot Wheels Unleashed,,https://www.youtube.com/watch?v=quXNWTTcRRA&list=PLcgLfp-cBhJrlqk2adU3GoihH7VusBjeV&pp=iAQB,https://rutube.ru/plst/1730722,https://images.igdb.com/igdb/image/upload/t_cover_big/co2u4x.webp
29,Immortals Fenyx Rising,,https://www.youtube.com/watch?v=kOVJuKYcxGY&list=PLcgLfp-cBhJot5EINwTV0xY0NhB3-T-k4&pp=iAQB,https://rutube.ru/plst/1730724,https://images.igdb.com/igdb/image/upload/t_cover_big/co9kcb.webp
30,Kao the Kangaroo,,https://www.youtube.com/watch?v=5pNHsWPYhaw&list=PLcgLfp-cBhJovtZrizgo1UoNemrl1NFwr&pp=iAQB,https://rutube.ru/plst/1730726,https://images.igdb.com/igdb/image/upload/t_cover_big/co4kfg.webp
31,KILLZONE™: В ПЛЕНУ СУМРАКА,,https://www.youtube.com/watch?v=eY9x-nqGMEI&list=PLcgLfp-cBhJrq28VBc_z8qPxDaacTIPz9&pp=iAQB,https://rutube.ru/plst/1730728,https://images.igdb.com/igdb/image/upload/t_cover_big/co1v40.webp
32,Kingdom Hearts 0.2 : Birth by Sleep A fragmentary passage,,https://www.youtube.com/watch?v=hkwX4Sbp5yM&list=PLcgLfp-cBhJpFX1dVWaCu8fP15rfy3yPS&pp=iAQB,https://rutube.ru/plst/1730730,https://images.igdb.com/igdb/image/upload/t_cover_big/co8m20.webp
33,Kingdom Hearts Final Mix,,https://www.youtube.com/watch?v=RNYQIwPmqcw&list=PLcgLfp-cBhJqvDakAcAeMf368Kslyt01O&pp=iAQB,https://rutube.ru/plst/1730731,https://images.igdb.com/igdb/image/upload/t_cover_big/co8m1o.webp
34,Kingdom Hearts III Re Mind DLC,,https://www.youtube.com/watch?v=NmdT4YRO1_k&list=PLcgLfp-cBhJqWc4g89IynnRFw-m1mk8fZ&pp=iAQB,https://rutube.ru/plst/1730732,https://images.igdb.com/igdb/image/upload/t_cover_big/co1xdl.webp
35,Kingdom Hearts RE: Chain of Memories,,https://www.youtube.com/watch?v=pMAs-5ffeb0&list=PLcgLfp-cBhJrOPpAxYI9p0i-Pn0n1usVn&pp=iAQB,https://rutube.ru/plst/1730734,https://images.igdb.com/igdb/image/upload/t_cover_big/co8m1q.webp
36,Kingdom Hearts: Birth by Sleep final mix,,https://www.youtube.com/watch?v=H-TZXdyBnc0&list=PLcgLfp-cBhJpoIwneDn5JkeAFNXok_Lv2&pp=iAQB,https://rutube.ru/plst/1730735,https://images.igdb.com/igdb/image/upload/t_cover_big/co8m1t.webp
37,Maquette,,https://www.youtube.com/watch?v=QYyfJZQiMfY&list=PLcgLfp-cBhJo0cr8BkWQU6U-TvA22gbIF&pp=iAQB,https://rutube.ru/plst/1730742,https://images.igdb.com/igdb/image/upload/t_cover_big/co21zz.webp
38,Marvel's Spider-Man,,https://www.youtube.com/watch?v=gFSkbI5wR0s&list=PLcgLfp-cBhJoPaJIMqWynMWw1Asj2LWiQ&pp=iAQB,https://rutube.ru/plst/1730744,https://images.igdb.com/igdb/image/upload/t_cover_big/co1r77.webp
39,Metal Gear Solid V: The Phantom Pain,,https://www.youtube.com/watch?v=oQ2GVpl6iX8&list=PLcgLfp-cBhJpNW6uVPk9dJpyrwMZh8OxW&pp=iAQB,https://rutube.ru/plst/1730747,https://images.igdb.com/igdb/image/upload/t_cover_big/co1v85.webp
40,Metal: Hellsinger,,https://www.youtube.com/watch?v=AQg9NIQbwMQ&list=PLcgLfp-cBhJq667VWAuHaTV8MUjH9dgRN&pp=iAQB,https://rutube.ru/plst/1730750,https://images.igdb.com/igdb/image/upload/t_cover_big/coan1t.webp
41,Mirror's Edge™ Catalyst,,https://www.youtube.com/watch?v=Vi4-uUkUfnQ&list=PLcgLfp-cBhJoPnHIPusB8UFfP3Zvh8BXD&pp=iAQB,https://rutube.ru/plst/1730753,https://images.igdb.com/igdb/image/upload/t_cover_big/co28r2.webp
42,Naruto Shippuden:Ultimate Ninja Storm 4,,https://www.youtube.com/watch?v=cfBzyzKJsjg&list=PLcgLfp-cBhJpcUmi3M7g29RG66Bn6bZvd&pp=iAQB,https://rutube.ru/plst/1730754,https://images.igdb.com/igdb/image/upload/t_cover_big/co3whm.webp
43,New Tales from the Borderlands,,https://www.youtube.com/watch?v=y99eeZGNV98&list=PLcgLfp-cBhJrAHnvElishybLSJbl3sx9p&pp=iAQB,https://rutube.ru/plst/1730756,https://images.igdb.com/igdb/image/upload/t_cover_big/co548j.webp
44,Oddworld: Soulstorm,,https://www.youtube.com/watch?v=9eZpv-w-v1g&list=PLcgLfp-cBhJqMD8jSZ-vdDYIMxrbpQ8Aa&pp=iAQB,https://rutube.ru/plst/1730757,https://images.igdb.com/igdb/image/upload/t_cover_big/co2ysw.webp
45,Outlast,,https://www.youtube.com/watch?v=qJjIGHAhRW0&list=PLcgLfp-cBhJrai2o9oezdCmEEUlebb1NF&pp=iAQB,https://rutube.ru/plst/1730503,https://images.igdb.com/igdb/image/upload/t_cover_big/co1yat.webp
46,PHOGS!,,https://www.youtube.com/watch?v=yXFhCyOoDOw&list=PLcgLfp-cBhJofwb9o1c_pA8MFeMrQlts4&pp=iAQB,https://rutube.ru/plst/1730760,https://images.igdb.com/igdb/image/upload/t_cover_big/co2lf0.webp
47,Plants vs Zombies GW2,,https://www.youtube.com/watch?v=aJ-uiuZlzWE&list=PLcgLfp-cBhJoqQ6ewKR3vBrjw6sAw2vRd&pp=iAQB,https://rutube.ru/plst/1730764,https://images.igdb.com/igdb/image/upload/t_cover_big/co3xur.webp
48,Ratchet & Clank,,https://www.youtube.com/watch?v=3FHVrqLFn6E&list=PLcgLfp-cBhJptAxfn8-AmKnVYxD5KdcVf&pp=iAQB,https://rutube.ru/plst/1730766,https://images.igdb.com/igdb/image/upload/t_cover_big/co230k.webp
49,Ratchet & Clank: Сквозь миры,,https://www.youtube.com/watch?v=l1wEC4gbfhM&list=PLcgLfp-cBhJof9DF3ymnCQdBw_d40Mb40&pp=iAQB,https://rutube.ru/plst/1730768,https://images.igdb.com/igdb/image/upload/t_cover_big/co2str.webp
50,Resident evil 3 remake,,https://www.youtube.com/watch?v=s6NmrKn5jDg&list=PLcgLfp-cBhJrCDYeZHqbv-6FLB8_XAfqz&pp=iAQB,,https://images.igdb.com/igdb/image/upload/t_cover_big/co22l7.webp
51,Rise of the Tomb Raider,,https://www.youtube.com/watch?v=o-OaF7pTrUk&list=PLcgLfp-cBhJoAe0B75wfiJCoZWgjMaoD0&pp=iAQB,https://rutube.ru/plst/1730782,https://images.igdb.com/igdb/image/upload/t_cover_big/co1rqa.webp
52,Scorn,,https://www.youtube.com/watch?v=B2WVfjll4OU&list=PLcgLfp-cBhJpvFuxCQzz_RxosRX1qWRxD&pp=iAQB,https://rutube.ru/plst/1730783,https://images.igdb.com/igdb/image/upload/t_cover_big/co4v5c.webp
53,Signalis,,https://www.youtube.com/watch?v=fEEk6vSt1Mw&list=PLcgLfp-cBhJrnvuy1LQu_g0de468S9avY&pp=iAQB,https://rutube.ru/plst/1730787,https://images.igdb.com/igdb/image/upload/t_cover_big/co62ig.webp
54,Somerville,,https://www.youtube.com/watch?v=m9XrHTVhxP8&list=PLcgLfp-cBhJp3M6XZN--RU45IyA0nAnc_&pp=iAQB,https://rutube.ru/plst/1730792,https://images.igdb.com/igdb/image/upload/t_cover_big/co6qox.webp
55,Sonic Frontiers,,https://www.youtube.com/watch?v=gE7GVgruaVo&list=PLcgLfp-cBhJrTlaTQVs1msY6ShQvMcGhu&pp=iAQB,https://rutube.ru/plst/1730796,https://images.igdb.com/igdb/image/upload/t_cover_big/co5p52.webp
56,Spirit of the North,,https://www.youtube.com/watch?v=J0Wo2bJ2mIg&list=PLcgLfp-cBhJpH6jxeI38mqVB5T3c9OztN&pp=iAQB,https://rutube.ru/plst/1730799,https://images.igdb.com/igdb/image/upload/t_cover_big/co7ewy.webp
57,Spyro,,https://www.youtube.com/watch?v=ZYJ6dkoN9BQ&list=PLcgLfp-cBhJpoihLkDTQ7zZuYG9x1qCci&pp=iAQB,https://rutube.ru/plst/1730804,https://images.igdb.com/igdb/image/upload/t_cover_big/cobaat.webp
58,Stray,,https://www.youtube.com/watch?v=KA82H6_xfhw&list=PLcgLfp-cBhJpHhtDuI_F4ubLUPjGsKFKH&pp=iAQB,https://rutube.ru/plst/1730808,https://images.igdb.com/igdb/image/upload/t_cover_big/co4tt2.webp
59,Teenage Mutant Ninja Turtles™: Mutants in Manhattan,,https://www.youtube.com/watch?v=-Wvyyuv-62A&list=PLcgLfp-cBhJr9bm_BHfUZ6zprEU7x7cik&pp=iAQB,https://rutube.ru/plst/1730812,https://images.igdb.com/igdb/image/upload/t_cover_big/co2rjy.webp
60,The Amazing Spider-Man 2 ,,https://www.youtube.com/watch?v=Gzr-GpCwbtI&list=PLcgLfp-cBhJrNkqV0wCewv-Fylj1jqb9u&pp=iAQB,https://rutube.ru/plst/1730813,https://images.igdb.com/igdb/image/upload/t_cover_big/co4vpz.webp
61,The Callisto Protocol,,https://www.youtube.com/watch?v=ZGUpGc1_-WM&list=PLcgLfp-cBhJpQVVkn4DWZfK0pveUmDas0&pp=iAQB,https://rutube.ru/plst/1730815,https://images.igdb.com/igdb/image/upload/t_cover_big/co4ymo.webp
62,The Dark Pictures Anthology: The Devil in Me,,https://www.youtube.com/watch?v=wD9tqAE4o0Y&list=PLcgLfp-cBhJqD8VcTXrNBU76pafzgOqEu&pp=iAQB,https://rutube.ru/plst/1730817,https://images.igdb.com/igdb/image/upload/t_cover_big/coamte.webp
63,The Last Guardian™ Последний хранитель,,https://www.youtube.com/watch?v=gIbuPn1F_x8&list=PLcgLfp-cBhJroQ3_3ncEJ3OzaGyjHtzay&pp=iAQB,https://rutube.ru/plst/1730819,https://images.igdb.com/igdb/image/upload/t_cover_big/co271e.webp
64,The Last Of Us,,https://www.youtube.com/watch?v=GYFLyQikhlg&list=PLcgLfp-cBhJrwIDGrV4HPFHi7Y3mURKqH&pp=iAQB,https://rutube.ru/plst/1730822,https://images.igdb.com/igdb/image/upload/t_cover_big/co5zks.webp
65,The Last of Us Part I [remake 2022],,https://www.youtube.com/watch?v=su5GwjQWQ6A&list=PLcgLfp-cBhJqfVNmGQHP-aYkt2DPNsyCW&pp=iAQB,https://rutube.ru/plst/1730825,https://images.igdb.com/igdb/image/upload/t_cover_big/coa1gq.webp
66,TOEM,,https://www.youtube.com/watch?v=YQDZdhqgxXQ&list=PLcgLfp-cBhJqPzr1Z4V8Evn3LRvVTTiND&pp=iAQB,https://rutube.ru/plst/1730830,https://images.igdb.com/igdb/image/upload/t_cover_big/co97ni.webp
67,Tom Clancy's The Division™,,https://www.youtube.com/watch?v=50CDgo6hSxY&list=PLcgLfp-cBhJpRBBkgXGiCeO-cdBuSquRm&pp=iAQB,https://rutube.ru/plst/1730831,https://images.igdb.com/igdb/image/upload/t_cover_big/co1yvf.webp
68,WATCH_DOGS™,,https://www.youtube.com/watch?v=RxzmJJOotTQ&list=PLcgLfp-cBhJqOUH08TD_tsFpibNHG5sks&pp=iAQB,https://rutube.ru/plst/1730841,https://images.igdb.com/igdb/image/upload/t_cover_big/co2p5w.webp
69,Cyberpunk 2077 DLC Phantom Liberty,https://live.vkvideo.ru/jmisha/playlist/047722db-74b2-4346-8251-e677694ec0b6/video/b379c170-1552-4124-af89-0fc720254901?tab=playlists,https://www.youtube.com/watch?v=5CYSMbtPQuU&list=PLcgLfp-cBhJrk2FmISXYoxn-7erL2EJn-&pp=gAQBiAQB,https://rutube.ru/plst/1730670,https://images.igdb.com/igdb/image/upload/t_cover_big/co7566.webp
70,Forza Horizon 5,https://live.vkvideo.ru/jmisha/playlist/0d843a35-7547-4d80-ac53-446f002603ed/video/5bafac0a-9264-455a-9af7-b38614b377fa?tab=playlists,https://www.youtube.com/watch?v=OsRvW-CVE6Q&list=PLcgLfp-cBhJoWlrogkaYBFO3qu48D1Dn2&pp=iAQB,https://rutube.ru/plst/1730701,https://images.igdb.com/igdb/image/upload/t_cover_big/co3ofx.webp
71,Final Fantasy XVI,https://live.vkvideo.ru/jmisha/playlist/0e98777e-4c8d-4bfa-a8c8-f648ad3e7e64/video/ce49ce22-698e-45d4-926a-3776eadc0e28?tab=playlists,https://www.youtube.com/watch?v=L-rtgzpVwHk&list=PLcgLfp-cBhJrvixpPuQfQEWqfxYOCgR5A&pp=iAQB,https://rutube.ru/plst/1730697,https://images.igdb.com/igdb/image/upload/t_cover_big/cobd9i.webp
72,SpongeBob SquarePants: The Cosmic Shake,https://live.vkvideo.ru/jmisha/playlist/128e4936-de50-4f7e-9693-98594e9e46b9/video/443b33aa-0c59-4450-b25c-639b1b63ead6?tab=playlists,https://www.youtube.com/watch?v=w6Xil6JJJjs&list=PLcgLfp-cBhJrYWftpMJ1kC0e9hhcdLlEq&pp=iAQB,https://rutube.ru/plst/1730801,https://images.igdb.com/igdb/image/upload/t_cover_big/co3ub9.webp
73,Spider-Man 2,https://live.vkvideo.ru/jmisha/playlist/1a2160ab-d4d3-435e-8156-4f25dc760bcb/video/a51a92f9-49b1-433b-a9c4-d85d792ebf06?tab=playlists,https://www.youtube.com/watch?v=pNhDTx677C0&list=PLcgLfp-cBhJqfIl-1HdEXrLeVwplLjWbF&pp=gAQBiAQB,https://rutube.ru/plst/1730798,https://images.igdb.com/igdb/image/upload/t_cover_big/cobg1k.webp
74,Super Mario Bros. Wonder,https://live.vkvideo.ru/jmisha/playlist/1cbcb029-fbbe-42fd-8a5e-e3662fb89a66/video/723095c6-3715-4f8a-bf78-66c38bdeef7f?tab=playlists,https://www.youtube.com/watch?v=9QSOf09n1bw&list=PLcgLfp-cBhJpKEDHueKwk9Yv_dqwmXka4&pp=gAQBiAQB,https://rutube.ru/plst/1730811,https://images.igdb.com/igdb/image/upload/t_cover_big/co6nnl.webp
75,Fatal Frame: Mask of the Lunar Eclipse,https://live.vkvideo.ru/jmisha/playlist/1edfff77-add8-429f-860e-3a4d44ae289a/video/6a0d423b-35a0-45e0-b4e8-cb5109b9246b?tab=playlists,https://www.youtube.com/watch?v=QN89gk1qNVk&list=PLcgLfp-cBhJo3lDNUQ7N8aeElJB4Gl_1b&pp=iAQB,https://rutube.ru/plst/1730692,https://images.igdb.com/igdb/image/upload/t_cover_big/co6065.webp
76,Alan Wake 2,https://live.vkvideo.ru/jmisha/playlist/24c6560e-6610-4a9e-be7c-6fb819d74b07/video/39f8ac87-f8ae-4ed8-ac51-7ab8e29c2293?tab=playlists,https://www.youtube.com/watch?v=NWUo83uMiaA&list=PLcgLfp-cBhJpbcokZ0E9804wRm2b4F9XX&pp=gAQBiAQB,https://rutube.ru/plst/1730507,https://images.igdb.com/igdb/image/upload/t_cover_big/co6jar.webp
77,Metroid Prime Remastered,https://live.vkvideo.ru/jmisha/playlist/288987c3-b56d-4297-ae7c-bad02a940210/video/0428efa4-e885-4030-bbee-b0b8d2f432c1?tab=playlists,https://www.youtube.com/watch?v=y62N6K1WWNk&list=PLcgLfp-cBhJqxaRqRJuQnPdAdsEra6vyH&pp=iAQB,https://rutube.ru/plst/1730752,https://images.igdb.com/igdb/image/upload/t_cover_big/cobbn9.webp
78,Atomic Heart,https://live.vkvideo.ru/jmisha/playlist/2c27bf26-2a2f-4e60-9078-703b2a02515f/video/5c3b9c25-389e-4bde-b14b-d43b096b408f?tab=playlists,https://www.youtube.com/watch?v=jXNzfaobDnM&list=PLcgLfp-cBhJpOnaBgDgC6c7ZTATfXo6X_&pp=iAQB,https://rutube.ru/plst/1730517,https://images.igdb.com/igdb/image/upload/t_cover_big/co68ag.webp
79,Gotham Knights,https://live.vkvideo.ru/jmisha/playlist/32beebc1-646d-42ca-8b83-270b625e67d6/video/d1aad54a-0da4-496b-a4b7-6876f2d87913?tab=playlists,https://www.youtube.com/watch?v=Qor6kTLEeeM&list=PLcgLfp-cBhJoLQji47MhJSRGZ8vbxm2hS&pp=iAQB,https://rutube.ru/plst/1730706,https://images.igdb.com/igdb/image/upload/t_cover_big/co3s9z.webp
80,Planet of Lana,https://live.vkvideo.ru/jmisha/playlist/3a996b4d-f836-4627-af4a-330094ae8f93/video/f1d0c72b-2a65-43ca-a769-7827b317906f?tab=playlists,https://www.youtube.com/watch?v=m7jiA9Af5iU&list=PLcgLfp-cBhJo-rMCrv3-zvdedWrsqzdwb&pp=iAQB,https://rutube.ru/plst/1730761,https://images.igdb.com/igdb/image/upload/t_cover_big/co3910.webp
81,Figment 2: Creed Valley,https://live.vkvideo.ru/jmisha/playlist/3fac05f8-0beb-4e8e-b7a5-c5bec045347c/video/c0b6bb86-e750-42ee-bb02-d981ce5802f7?tab=playlists,https://www.youtube.com/watch?v=In1oG8CthyE&list=PLcgLfp-cBhJoNBJK_m83DkCsxNZobmcRN&pp=iAQB,https://rutube.ru/plst/1730694,https://images.igdb.com/igdb/image/upload/t_cover_big/co3m7p.webp
82,Redfall,https://live.vkvideo.ru/jmisha/playlist/40585031-8ea0-4c6b-8bfd-59d943fb457f/video/b674cd63-9f67-4d88-88c9-f644ce1537bb?tab=playlists,https://www.youtube.com/watch?v=yPROjM9fzgY&list=PLcgLfp-cBhJoWfepAW3immqFpokzsKQ9a&pp=iAQB,https://rutube.ru/plst/1730771,https://images.igdb.com/igdb/image/upload/t_cover_big/co52ds.webp
83,Star Wars Jedi: Survivor,https://live.vkvideo.ru/jmisha/playlist/416b7fe9-0002-4e63-ac5b-ff96bb6d2892/video/4d9e6368-d3f2-48a6-b986-88bb1201d220?tab=playlists,https://www.youtube.com/watch?v=ucaS5yFunVg&list=PLcgLfp-cBhJpnjiOE3-ok2ePm2TZSxGB5&pp=iAQB,https://rutube.ru/plst/1730805,https://images.igdb.com/igdb/image/upload/t_cover_big/co5uzk.webp
84,Shadow Warrior 3,https://live.vkvideo.ru/jmisha/playlist/41c2bcda-8aad-4f88-bcd1-98267dae7332/video/3202a484-9853-401c-8e7a-b3bbd1c6e611?tab=playlists,https://www.youtube.com/watch?v=lOEHo10raIU&list=PLcgLfp-cBhJpaPNEyTZYHN8v0jkP-WUpW&pp=iAQB,https://rutube.ru/plst/1730784,https://images.igdb.com/igdb/image/upload/t_cover_big/co45x3.webp
85,Lies of P,https://live.vkvideo.ru/jmisha/playlist/51d641bb-5ecc-4dc7-9da8-cbbb03e6da58/video/49352f62-44c5-4abb-9ce3-9e98a5de39d4?tab=playlists,https://www.youtube.com/watch?v=5GxRDIDIE_U&list=PLcgLfp-cBhJp29E5zEN33pGSFGewRfb7M&pp=gAQBiAQB,https://rutube.ru/plst/1730738,https://images.igdb.com/igdb/image/upload/t_cover_big/co6lxr.webp
86,Disney Speedstorm,https://live.vkvideo.ru/jmisha/playlist/590063c3-ff09-42e9-91e7-ea4af0d31b5c/video/43d8ae84-4f63-4339-b43f-5a64c221cdb9?tab=playlists,https://www.youtube.com/watch?v=A5gRfhSIql0&list=PLcgLfp-cBhJpeOOOQRQDiluKowRm8u1r0&pp=iAQB,https://rutube.ru/plst/1730685,https://images.igdb.com/igdb/image/upload/t_cover_big/co6dth.webp
87,Party Animals,https://live.vkvideo.ru/jmisha/playlist/5ce39453-a0a9-4dd0-a1ba-591355f151e0/video/3fccf693-6229-4c2d-a202-eaf2faca35cf?tab=playlists,https://www.youtube.com/watch?v=FImSAOerNuM&list=PLcgLfp-cBhJq3ql_F40A9AC48HAs4tZRM&pp=gAQBiAQB,https://rutube.ru/plst/1730758,https://images.igdb.com/igdb/image/upload/t_cover_big/co6ljw.webp
88,Crash Team Rumble,https://live.vkvideo.ru/jmisha/playlist/5e94f8d6-defc-4474-be43-4541a287f21d/video/a9512b94-7439-412f-b437-5713b9ca88b6?tab=playlists,https://www.youtube.com/watch?v=Tbvrjr7VUSU&list=PLcgLfp-cBhJrwsfRy-3eCLgrk-TcekHji&pp=iAQB,https://rutube.ru/plst/1730668,https://images.igdb.com/igdb/image/upload/t_cover_big/co7zhi.webp
89,Resident Evil 4 Remake,https://live.vkvideo.ru/jmisha/playlist/63c087bc-ceb2-4a19-ae59-2b5c85e43f8c/video/508dfc09-688b-499d-a0be-3d93f99d7af0?tab=playlists,https://www.youtube.com/watch?v=gT_xxZdukp4&list=PLcgLfp-cBhJqd3ZVOOelc_1ZHowoR74G3&pp=iAQB,https://rutube.ru/plst/1730780,https://images.igdb.com/igdb/image/upload/t_cover_big/co6bo0.webp
90,Remnant 2,https://live.vkvideo.ru/jmisha/playlist/64ec61de-8f3b-41e3-9182-78f29fb77b6c/video/1e342e11-cfd8-417b-a850-1cebbb3cb4ce?tab=playlists,https://www.youtube.com/watch?v=5Rw0AZ8OMxA&list=PLcgLfp-cBhJr-1v4qxbB984jui7E9EmGG&pp=iAQB,https://rutube.ru/plst/1730772,https://images.igdb.com/igdb/image/upload/t_cover_big/co6lnp.webp
91,Starfield,https://live.vkvideo.ru/jmisha/playlist/66de2ca8-f2a2-45fd-b388-fceae5b41d6b/video/8a8250a8-22d4-4bf6-a0a8-ef95c925be8a?tab=playlists,https://www.youtube.com/watch?v=Itrz89mHXCo&list=PLcgLfp-cBhJpYycIgGEWmI9Yd2tGm23dS&pp=iAQB,https://rutube.ru/plst/1730807,https://images.igdb.com/igdb/image/upload/t_cover_big/co39vv.webp
92,Ghostwire: Tokyo,https://live.vkvideo.ru/jmisha/playlist/7103bef0-8def-4404-892a-54a8c0e8b853/video/5fa6c08a-66ab-4dca-97e7-88cbed0b4440?tab=playlists,https://www.youtube.com/watch?v=8mXks27ttO8&list=PLcgLfp-cBhJqqZKRkYB2l6j0ZgQ0EiP4n&pp=iAQB,https://rutube.ru/plst/1730703,https://images.igdb.com/igdb/image/upload/t_cover_big/co55xn.webp
93,Uncharted 2: Among Thieves,https://live.vkvideo.ru/jmisha/playlist/80e2c469-5625-4bfa-8e49-60aff750aaab/video/91faf405-12d6-4f85-a9d8-dccc020549c6?tab=playlists,https://www.youtube.com/watch?v=icpKLkzsKRE&list=PLcgLfp-cBhJq0uezrn6ay87kZzvW-_R-Z&pp=iAQB,https://rutube.ru/plst/1730834,https://images.igdb.com/igdb/image/upload/t_cover_big/co1un4.webp
94,Assassin’s Creed Mirage,https://live.vkvideo.ru/jmisha/playlist/829b7dcf-5419-4a86-9b79-2e3abd17bfd0/video/698d5f83-4c02-4e76-b783-fc2b236a3507?tab=playlists,https://www.youtube.com/watch?v=f3DhP-P9cRc&list=PLcgLfp-cBhJpUxM6d5Wp6vB9ExVvTcVXF,https://rutube.ru/plst/1730512,https://images.igdb.com/igdb/image/upload/t_cover_big/co57sj.webp
95,Horizon Forbidden West,https://live.vkvideo.ru/jmisha/playlist/8710add1-384c-4a27-b5ae-e76d828bfbf7/video/874b3789-4c91-4598-87b4-b49afaaae8a3?tab=playlist_moderate,https://www.youtube.com/watch?v=7ljn4gKwnVE&list=PLcgLfp-cBhJr79D9DgY5DgGckSfaLqLYw&pp=iAQB,https://rutube.ru/plst/1730719,https://images.igdb.com/igdb/image/upload/t_cover_big/co2gvu.webp
96,Horizon Forbidden West: Burning Shores,https://live.vkvideo.ru/jmisha/playlist/8710add1-384c-4a27-b5ae-e76d828bfbf7/video/874b3789-4c91-4598-87b4-b49afaaae8a3?tab=playlists,https://www.youtube.com/watch?v=5cftvPaSXp0&list=PLcgLfp-cBhJqLvw15-4v15MK40T6kWZcz&pp=iAQB,https://rutube.ru/plst/1730718,https://images.igdb.com/igdb/image/upload/t_cover_big/co6a9w.webp
97,Solar Ash,https://live.vkvideo.ru/jmisha/playlist/a7e45fb2-29e4-4711-8fec-c673c6299f25/video/c3e585cb-d06d-489a-a859-0ab63b61720b?tab=playlist_moderate,https://www.youtube.com/watch?v=dcN6wm4Kp2M&list=PLcgLfp-cBhJrzzDY3GUwz146LcTfQAhAW&pp=gAQBiAQB,https://rutube.ru/plst/1730790,https://images.igdb.com/igdb/image/upload/t_cover_big/co49qe.webp
98,The Legend of Zelda: Tears of the Kingdom,https://live.vkvideo.ru/jmisha/playlist/ac1136b2-6f9b-4542-8d6d-c74d27397772/video/b383c340-0d4f-4911-a79f-d3de54311543?tab=playlists,https://www.youtube.com/watch?v=q8j_awYCjEw&list=PLcgLfp-cBhJoQmvW_ZRodyIEzF_QB9dhW&pp=iAQB,https://rutube.ru/plst/1730826,https://images.igdb.com/igdb/image/upload/t_cover_big/co5vmg.webp
99,Uncharted: Drake’s Fortune,https://live.vkvideo.ru/jmisha/playlist/acfe72b1-7d95-4b93-8c3e-0311cf6d7410/video/fca5d5f7-5168-40cf-9a0b-63d347f1f3a0?tab=playlists,https://www.youtube.com/watch?v=XquJLUr8Xt8&list=PLcgLfp-cBhJpAg3csUBJx6477lf0Vkmvn&pp=iAQB,https://rutube.ru/plst/1730838,https://images.igdb.com/igdb/image/upload/t_cover_big/co1un2.webp
100,GRIS,https://live.vkvideo.ru/jmisha/playlist/ae0b5f94-9f46-4997-becb-ff92fd15f80b/video/0a1c0e2a-6065-45e3-beb7-87b89cd5bf3e?tab=playlist_moderate,https://www.youtube.com/watch?v=A6MRT-yWLd8&list=PLcgLfp-cBhJqgmN0O-qKXXuYpZK5f70-i&pp=iAQB,https://rutube.ru/plst/1730708,https://images.igdb.com/igdb/image/upload/t_cover_big/co1qv5.webp
101,Hi-Fi Rush,https://live.vkvideo.ru/jmisha/playlist/af02b154-106c-447c-9bb0-c8c70a8f3dab/video/b704aea7-303c-4953-99c5-276848d77c05?tab=playlists,https://www.youtube.com/watch?v=pTrSellgkJk&list=PLcgLfp-cBhJpcsNFCqPY12Cd_17h13YZe&pp=iAQB,https://rutube.ru/plst/1730710,https://images.igdb.com/igdb/image/upload/t_cover_big/co6219.webp
102,The Crew Motorfest,https://live.vkvideo.ru/jmisha/playlist/b3ce71eb-b55b-4741-9a8a-62ce6c77d987/video/931268e3-29b8-4a76-9437-666c9c69ae27?tab=playlists,https://www.youtube.com/watch?v=u5hnrcYfLps&list=PLcgLfp-cBhJrggNAjIUhGPepjf-jckhNS&pp=gAQBiAQB,https://rutube.ru/plst/1730816,https://images.igdb.com/igdb/image/upload/t_cover_big/co6pe2.webp
103,Forspoken,https://live.vkvideo.ru/jmisha/playlist/b66fd173-f333-4cf3-9d76-db30d5ecc1ea/video/718c73d3-1243-4595-8830-22d52ea7fe8d?tab=playlists,https://www.youtube.com/watch?v=a2vV34IuYik&list=PLcgLfp-cBhJqpqWS-Bsj86FT8Q74P7CcH&pp=iAQB,https://rutube.ru/plst/1730700,https://images.igdb.com/igdb/image/upload/t_cover_big/co4u6r.webp
104,Dordogne,https://live.vkvideo.ru/jmisha/playlist/bca63dbc-1676-4814-845c-7e62a0ded06b/video/dea1d23b-9753-49d9-b9f4-0b4255b19b28?tab=playlists,https://www.youtube.com/watch?v=v02czLvDZJQ&list=PLcgLfp-cBhJoSGT0S7Qqf-p4Sk9WSUO4S&pp=iAQB,https://rutube.ru/plst/1730688,https://images.igdb.com/igdb/image/upload/t_cover_big/co6mcw.webp
105,Bramble: The Mountain King,https://live.vkvideo.ru/jmisha/playlist/c0f311a6-143e-46a3-9040-7b8c1c6b5998/video/d3e2cb1e-bd5d-426c-b4bb-281a8bdec85b?tab=playlists,https://www.youtube.com/watch?v=q94wkvvHs88&list=PLcgLfp-cBhJrscY-lGMOR0s7OCIw7cj1c&pp=iAQB,https://rutube.ru/plst/1730657,https://images.igdb.com/igdb/image/upload/t_cover_big/co6f01.webp
106,Uncharted 4: A Thief's End,https://live.vkvideo.ru/jmisha/playlist/c1e43da0-e511-46fa-b4d6-ea3cb6542bc8/video/4c67406d-9f91-4a78-a1ae-cd7f532db865?tab=playlists,https://www.youtube.com/watch?v=CDJKn4STo4I&list=PLcgLfp-cBhJqpPsCnFWQltFOTjdcE8wSJ&pp=iAQB,https://rutube.ru/plst/1730836,https://images.igdb.com/igdb/image/upload/t_cover_big/co1r7h.webp
107,Kirby's Return to Dream Land Deluxe,https://live.vkvideo.ru/jmisha/playlist/cad8f6ce-de0b-4fe1-b4f1-e8a203a1f66f/video/3be11418-7865-4c81-a86f-55a000923f6d?tab=playlists,https://www.youtube.com/watch?v=SOrNaK0tjQE&list=PLcgLfp-cBhJqPtE1gTPxeB-J14rY5HK9Q&pp=iAQB,https://rutube.ru/plst/1730736,https://images.igdb.com/igdb/image/upload/t_cover_big/co8dp2.webp
108,COCOON,https://live.vkvideo.ru/jmisha/playlist/d08b87e7-100a-428b-8c6a-a87da8aa688d/video/d68c72e1-a456-42b6-963d-26abd5959402?tab=playlists,https://www.youtube.com/watch?v=C6Qcg4xhauQ&list=PLcgLfp-cBhJoI5fZUpp8P9k8FnlGwYt5Z&pp=gAQBiAQB,https://rutube.ru/plst/1730661,https://images.igdb.com/igdb/image/upload/t_cover_big/co4v2z.webp
109,Tinykin,https://live.vkvideo.ru/jmisha/playlist/d6021e14-2abd-4e7b-ba22-2c75686d9492/video/f01d59e6-22ac-4ee9-b126-e41bb1b316d0?tab=playlists,https://www.youtube.com/watch?v=-Rxml-BtooY&list=PLcgLfp-cBhJpX9hQI5guokOdqcF_5o0qG&pp=iAQB,https://rutube.ru/plst/1730829,https://images.igdb.com/igdb/image/upload/t_cover_big/co554t.webp
110,Uncharted 3: Drake’s Deception,https://live.vkvideo.ru/jmisha/playlist/ddc9f92d-d409-447e-ae88-eb387f4aa697/video/f45b2399-b361-4df3-a94a-c40e4512640c?tab=playlists,https://www.youtube.com/watch?v=o4d13wl_-2E&list=PLcgLfp-cBhJq08xRC_p8hP18hJpwQ3Dwk&pp=iAQB,https://rutube.ru/plst/1730835,https://images.igdb.com/igdb/image/upload/t_cover_big/co1tpr.webp
111,HOA,https://live.vkvideo.ru/jmisha/playlist/ec5d9215-7750-426b-a284-a05f2e8b06fd/video/f5d7e412-a449-46ca-a647-9fafab24a3d7?tab=playlists,https://www.youtube.com/watch?v=lhrwnQSNsa0&list=PLcgLfp-cBhJo0ng-r7k3Yn7q0kqagNpOe&pp=iAQB,https://rutube.ru/plst/1730715,https://images.igdb.com/igdb/image/upload/t_cover_big/co79g6.webp
112,Hogwarts Legacy,https://live.vkvideo.ru/jmisha/playlist/efaa2511-0214-489d-8ca1-16aefbf937ba/video/831e692b-d34d-42dd-b1be-989285bb262c?tab=playlists,https://www.youtube.com/watch?v=eEDDFVU3aGo&list=PLcgLfp-cBhJp46qK6m71J9YNWcRp_4KeE&pp=iAQB,https://rutube.ru/plst/1730717,https://images.igdb.com/igdb/image/upload/t_cover_big/coaav6.webp
113,Uncharted: The Lost Legacy,https://live.vkvideo.ru/jmisha/playlist/f54a30c7-7be9-4c38-99d2-9b52ef4a27a7/video/7a6d7092-c2b9-4335-ba92-5b3a03c57d26?tab=playlists,https://www.youtube.com/watch?v=Cz2wDAb4Ayc&list=PLcgLfp-cBhJp2eCP_JWDpe0AxMDtV9ULy&pp=iAQB,https://rutube.ru/plst/1730839,https://images.igdb.com/igdb/image/upload/t_cover_big/co1tp9.webp
114,Bayonetta Origins: Cereza and the Lost Demon,https://live.vkvideo.ru/jmisha/playlist/fcedf293-3cc1-4c34-8933-25adc3f1d751/video/c00e2f16-18a0-4041-88b3-8dad3514cb35?tab=playlists,https://www.youtube.com/watch?v=bH1-yhATnv4&list=PLcgLfp-cBhJqjbgFiv_XHJxo7diW06Pt6&pp=iAQB,https://rutube.ru/plst/1730655,https://images.igdb.com/igdb/image/upload/t_cover_big/co5vch.webp
115,Dead Island 2,https://live.vkvideo.ru/jmisha/playlist/fdc76161-5304-48d9-88ea-e1b5e9c92c4f/video/e7156c77-2802-4911-9da6-9b509a614f18?tab=playlists,https://www.youtube.com/watch?v=CqBk4sSVSRA&list=PLcgLfp-cBhJozjOVg7MzpRJF44K7ghX-5&pp=iAQB,https://rutube.ru/plst/1730671,https://images.igdb.com/igdb/image/upload/t_cover_big/co5469.webp
116,Humanity,https://live.vkvideo.ru/jmisha/playlist/8c40ee55-4e39-43fc-9498-373d173e4bac/video/4fa15c4d-013f-47c9-bc8e-7f453f65724a?tab=playlists,,https://rutube.ru/plst/1730962,https://images.igdb.com/igdb/image/upload/t_cover_big/co66z7.webp
117,Avatar: Frontiers of Pandora,https://live.vkvideo.ru/jmisha/playlist/a34af229-b50d-4e1c-a867-98cebcb5ed4f/video/39cf522c-7121-4993-85a7-0b77695da96d?tab=playlists,,https://rutube.ru/plst/1730963,https://images.igdb.com/igdb/image/upload/t_cover_big/co9oe3.webp
118,Jusant,https://live.vkvideo.ru/jmisha/playlist/b6c3c83b-7f67-46ef-b39f-7af24343dcff/video/b69860f6-7b4e-4718-9ca0-930a714da470?tab=playlists,,https://rutube.ru/plst/1730965,https://images.igdb.com/igdb/image/upload/t_cover_big/coa2kv.webp
119,Naruto x Boruto: Ultimate Ninja Storm Connections,https://live.vkvideo.ru/jmisha/playlist/58bd28ac-28b8-49d1-b87f-43c6e94b57ba/video/c0825de8-865a-4f7a-b987-98a464d0cf12?tab=playlists,,https://rutube.ru/plst/1730966,https://images.igdb.com/igdb/image/upload/t_cover_big/co7jto.webp
120,Supraland: Six Inches Under,https://live.vkvideo.ru/jmisha/playlist/f0de11ea-751b-493e-983c-5200c484c97d/video/40bc4401-4e4d-460c-ba3a-3116d284c4a3?tab=playlists,,https://rutube.ru/plst/1730968,https://images.igdb.com/igdb/image/upload/t_cover_big/co4ctz.webp
121,God of War Ragnarök DLC,https://live.vkvideo.ru/jmisha/playlist/6ffe9b91-839f-4333-8c47-87f7633bb99d/video/3b1e45bb-84e8-4a7a-b130-07fa2eded892?tab=playlists,,https://rutube.ru/plst/1730969,https://images.igdb.com/igdb/image/upload/t_cover_big/co7jl8.webp
122,Figment,https://live.vkvideo.ru/jmisha/playlist/f3f7e601-4d2d-425c-bce6-930a3af5b551/video/79145143-ee37-4b94-9482-0ec93dc44bad?tab=playlists,,https://rutube.ru/plst/1730972,https://images.igdb.com/igdb/image/upload/t_cover_big/co691d.webp
123,Prince of Persia: The Lost Crown,https://live.vkvideo.ru/jmisha/playlist/193745b4-4d0c-430b-9b10-54816ffd860f/video/c8ebc08d-efc9-4b13-bb13-fc221d8fafdb?tab=playlists,,https://rutube.ru/plst/1730974,https://images.igdb.com/igdb/image/upload/t_cover_big/co9q1g.webp
124,The Last of Us Part II: Remastered,https://live.vkvideo.ru/jmisha/playlist/6e6ce540-e516-4e35-9589-d0e5901ff980/video/dc0e99f6-9f15-4f27-9f95-3240e84ed48f?tab=playlists,,https://rutube.ru/plst/1730976,https://images.igdb.com/igdb/image/upload/t_cover_big/coa1gr.webp
125,Suicide Squad: Kill the Justice League,https://live.vkvideo.ru/jmisha/playlist/5e407aca-668e-4683-94c8-b8d05bbd0bcc/video/f39fde64-bc03-4149-af28-5526c1958dd7?tab=playlists,,https://rutube.ru/plst/1730980,https://images.igdb.com/igdb/image/upload/t_cover_big/co40fu.webp
126,Silent Hill: The Short Message,https://live.vkvideo.ru/jmisha/playlist/8cbe421c-b3e7-4cbe-aff3-236151c55531/video/233cb5ce-1b66-441a-aec2-2e7b420a468f?tab=playlists,,https://rutube.ru/plst/1730981,https://images.igdb.com/igdb/image/upload/t_cover_big/co7p8y.webp
127,Final Fantasy VII Rebirth,https://live.vkvideo.ru/jmisha/playlist/96981a4b-b881-46f2-b4ba-d30f90b9e4cb/video/a4e3b2e8-4647-41b5-991a-7f9ff02a181b?tab=playlists,,https://rutube.ru/plst/1730982,https://images.igdb.com/igdb/image/upload/t_cover_big/cob9k6.webp
128,Banishers: Ghosts of New Eden,https://live.vkvideo.ru/jmisha/playlist/e9c099b4-b787-4b37-95cb-92fe53b692bd/video/39677641-d389-44c6-9d7b-d7000a1aef90?tab=playlists,,https://rutube.ru/plst/1730983,https://images.igdb.com/igdb/image/upload/t_cover_big/co6lmo.webp
129,Tomb Raider I-III: Remastered Starring Lara Croft,https://live.vkvideo.ru/jmisha/playlist/325a83ff-aa13-43a2-bab6-ccc3e1cf96ea/video/ce0854ad-76dd-4aa4-a409-f0cdc5296749?tab=playlist_moderate,,https://rutube.ru/plst/1730987,https://images.igdb.com/igdb/image/upload/t_cover_big/co8xte.webp
130,Another Crab's Treasure,https://live.vkvideo.ru/jmisha/playlist/4124d924-bb81-43b0-a79a-4ba7e3e0602f/video/23cede8b-192e-4a95-bc3d-b07a3a8e424d?tab=playlists,,https://rutube.ru/plst/1730988,https://images.igdb.com/igdb/image/upload/t_cover_big/co6mrs.webp
131,"Little Kitty, Big City",https://live.vkvideo.ru/jmisha/playlist/3c8798e7-8c75-4184-912e-9be519595dd4/video/b00b33f1-de32-46d6-9105-707314dbbdb9?tab=playlists,,https://rutube.ru/plst/1730990,https://images.igdb.com/igdb/image/upload/t_cover_big/co6mbt.webp
132,Armored Core VI: Fires of Rubicon,https://live.vkvideo.ru/jmisha/playlist/32685e93-6251-4e87-9661-866eed869469/video/89e186c0-94e0-4288-867a-a28945290ab4?tab=playlists,,https://rutube.ru/plst/1730991,https://images.igdb.com/igdb/image/upload/t_cover_big/coc408.webp
133,Senua's Saga: Hellblade II,https://live.vkvideo.ru/jmisha/playlist/578ce00a-f08d-46bd-8228-013c45950178/video/7e01876f-ee6a-47ca-96c8-48a074c0dd33?tab=playlists,,https://rutube.ru/plst/1730992,https://images.igdb.com/igdb/image/upload/t_cover_big/co81i4.webp
134,Hauntii,https://live.vkvideo.ru/jmisha/playlist/d861034d-4015-44af-a880-58fa1df76ba2/video/43198f88-e654-4293-815f-8944c4388bb8?tab=playlists,,https://rutube.ru/plst/1730993,https://images.igdb.com/igdb/image/upload/t_cover_big/co8ayw.webp
135,Chants of Sennaar,https://live.vkvideo.ru/jmisha/playlist/b75011f5-fb92-4b5e-b80a-cd05927c4976/video/3a116249-eadd-4113-b392-6ce97822611e?tab=playlists,,https://rutube.ru/plst/1730996,https://images.igdb.com/igdb/image/upload/t_cover_big/co9mjo.webp
136,Kona,https://live.vkvideo.ru/jmisha/playlist/ce7ef03f-34b2-426b-80af-8e5b3429b5f9/video/66476228-41a9-4661-a5dc-f61cab7a6792?tab=playlists,,https://rutube.ru/plst/1730997,https://images.igdb.com/igdb/image/upload/t_cover_big/co5vwz.webp
137,Kona II: Brume,https://live.vkvideo.ru/jmisha/playlist/e0aa4f5a-61e1-43b7-9dfb-0e448d2fbf9a/video/b6c453f6-c6fe-47ee-a548-ace4c7e79f47?tab=playlists,,https://rutube.ru/plst/1730999,https://images.igdb.com/igdb/image/upload/t_cover_big/co52db.webp
138,Still Wakes the Deep,https://live.vkvideo.ru/jmisha/playlist/4db2e8a9-9c4a-4f69-be2b-935c5f230bd2/video/508a3edf-bd3b-407a-8e71-01a994ea1a83?tab=playlists,,https://rutube.ru/plst/1731000,https://images.igdb.com/igdb/image/upload/t_cover_big/co8dbd.webp
139,Have a Nice Death,https://live.vkvideo.ru/jmisha/playlist/dd5c6d23-42fd-4c9b-8a0a-70df1b53fafc/video/5d0e4b2b-0a2b-4cd0-91f0-87ad20b5ce8d?tab=playlists,,https://rutube.ru/plst/1731001,https://images.igdb.com/igdb/image/upload/t_cover_big/co4a9g.webp
140,Beyond Good & Evil: 20th Anniversary Edition,https://live.vkvideo.ru/jmisha/playlist/06f87182-9925-42af-a61a-a46f279d1107/video/03e38eae-6344-4df3-9da9-be7068832c78?tab=playlists,,https://rutube.ru/plst/1731002,https://images.igdb.com/igdb/image/upload/t_cover_big/co8eda.webp
141,Princess Peach: Showtime!,https://live.vkvideo.ru/jmisha/playlist/ac37e740-5dab-4432-bf54-03a5fe5aa8b9/video/177bd82a-6489-4f3e-bb3e-482f64af3890?tab=playlists,,https://rutube.ru/plst/1731005,https://images.igdb.com/igdb/image/upload/t_cover_big/cobaup.webp
142,Zenless Zone Zero,https://live.vkvideo.ru/jmisha/playlist/53f88f4b-ddc8-4fea-a19f-ca296557c4d3/video/59b873e3-a611-410b-abb2-0b230c61cfd8?tab=playlists,,https://rutube.ru/plst/1731008,https://images.igdb.com/igdb/image/upload/t_cover_big/coc9ff.webp
143,Cat Quest,https://live.vkvideo.ru/jmisha/playlist/3782c509-864f-4223-bade-e1628e8f86cd/video/fb73861b-d3e2-4d71-878b-2633c403b274?tab=playlists,,https://rutube.ru/plst/1731010,https://images.igdb.com/igdb/image/upload/t_cover_big/co1qlq.webp
144,Cat Quest II,https://live.vkvideo.ru/jmisha/playlist/e78219ee-375c-4967-a8a9-9fc6aae43fe7/video/5375da55-f9f3-44de-8212-0df1965a9903?tab=playlists,,https://rutube.ru/plst/1731012,https://images.igdb.com/igdb/image/upload/t_cover_big/co1r4f.webp
145,Cat Quest III,https://live.vkvideo.ru/jmisha/playlist/e48ed9ad-d3ea-4e4c-a5e3-1541f4ff749a/video/bcfe3543-8cdd-4721-9f77-9228b9d5d5b1?tab=playlists,,https://rutube.ru/plst/1731013,https://images.igdb.com/igdb/image/upload/t_cover_big/co8cp4.webp
146,Creatures of Ava,https://live.vkvideo.ru/jmisha/playlist/142e2ad3-07d0-4079-be24-1188101fdee5/video/08ae8c38-f716-40a9-a8d9-e57e2cbe1f8c?tab=playlists,,https://rutube.ru/plst/1731014,https://images.igdb.com/igdb/image/upload/t_cover_big/co7uob.webp
147,World of Goo 2,https://live.vkvideo.ru/jmisha/playlist/2c8bfe74-0cda-4b86-9360-3dd019ea08de/video/4290e1e6-c52d-419c-9a62-2c2f6aba1db8?tab=playlists,,https://rutube.ru/plst/1731015,https://images.igdb.com/igdb/image/upload/t_cover_big/co8na2.webp
148,Star Wars Outlaws,https://live.vkvideo.ru/jmisha/playlist/4be668f5-dfb6-4c02-a786-8a38b5a0a710/video/0cce92e4-ed52-403f-9e7d-8f7eac4558bf?tab=playlists,,https://rutube.ru/plst/1731018,https://images.igdb.com/igdb/image/upload/t_cover_big/co9nh7.webp
149,The Casting of Frank Stone,https://live.vkvideo.ru/jmisha/playlist/764781af-d3bd-43c0-8152-6659c9ef9cf5/video/ab2b8508-361f-45fa-97f1-be8d57fc06f6?tab=playlists,,https://rutube.ru/plst/1731019,https://images.igdb.com/igdb/image/upload/t_cover_big/co8j6w.webp
150,Astro Bot,https://live.vkvideo.ru/jmisha/playlist/532299f0-dcb4-4d9e-9d2b-73d31e033562/video/b2ad944f-d981-4fe3-8ea2-7ad6d0d702fa?tab=playlists,,https://rutube.ru/plst/1731020,https://images.igdb.com/igdb/image/upload/t_cover_big/coba3k.webp
151,The Plucky Squire,https://live.vkvideo.ru/jmisha/playlist/c9274d6e-cd2c-4107-9265-88b585e296b7/video/ff6b74de-60e9-4e02-96b1-022e9cb6969d?tab=playlists,,https://rutube.ru/plst/1731021,https://images.igdb.com/igdb/image/upload/t_cover_big/co6z44.webp
152,The Legend of Zelda: Echoes of Wisdom,https://live.vkvideo.ru/jmisha/playlist/4263d248-40af-4083-9662-7d3024327ddd/video/5d4b6ce2-748d-4b74-acfa-0706e6dcb1fd?tab=playlists,,https://rutube.ru/plst/1731022,https://images.igdb.com/igdb/image/upload/t_cover_big/co8d9b.webp
153,Epic Mickey: Rebrushed,https://live.vkvideo.ru/jmisha/playlist/5a7a7e1a-7b70-4e61-82dd-217087f625fd/video/cd69dfa8-236a-4a56-bbbc-7202d0b973fb?tab=playlists,,https://rutube.ru/plst/1731023,https://images.igdb.com/igdb/image/upload/t_cover_big/co8jx5.webp
154,Neva,https://live.vkvideo.ru/jmisha/playlist/9df3b64a-5c12-47a0-8b53-59201dfbc7b0/video/7c3db0d0-d3d7-4ff8-9946-87419b5ef3d5?tab=playlists,,https://rutube.ru/plst/1731025,https://images.igdb.com/igdb/image/upload/t_cover_big/co8x5c.webp
155,Nikoderiko: The Magical World,https://live.vkvideo.ru/jmisha/playlist/4d95a2e1-47ba-4d47-a383-733a58c77cd7/video/a64643ac-04bc-4bdd-b7cf-eb3e546883f3?tab=playlists,,https://rutube.ru/plst/1731027,https://images.igdb.com/igdb/image/upload/t_cover_big/co8bmp.webp
156,Silent Hill 2 (2024),https://live.vkvideo.ru/jmisha/playlist/5e3e0ab0-da63-44ce-8792-2e388d8ac9e5/video/fdc41ea3-4525-4db7-94c9-b946d00fe848?tab=playlists,,https://rutube.ru/plst/1731028,https://images.igdb.com/igdb/image/upload/t_cover_big/coavaf.webp
157,Call of Duty: Black Ops 6,https://live.vkvideo.ru/jmisha/playlist/603007b3-1a9b-424f-a4da-d1da5ee1138c/video/4253c3df-967c-4c15-8829-799eb5ae5cab?tab=playlists,,https://rutube.ru/plst/1731029,https://images.igdb.com/igdb/image/upload/t_cover_big/co8zis.webp
158,Killing Time: Resurrected,https://live.vkvideo.ru/jmisha/playlist/d8ba0d21-1269-4f4e-801c-2f5c8cbeca0d/video/9e3078ba-57ca-40e0-9f34-e60b781f6f90?tab=playlists,,https://rutube.ru/plst/1731031,https://images.igdb.com/igdb/image/upload/t_cover_big/co8b99.webp
159,Life is Strange: Double Exposure,https://live.vkvideo.ru/jmisha/playlist/e1bab697-e9cc-4d6b-8d29-99865e01a297/video/0704f924-4632-4f9f-a31d-435b0788dfef?tab=playlists,,https://rutube.ru/plst/1731032,https://images.igdb.com/igdb/image/upload/t_cover_big/co8bp9.webp
160,"Nine Hours, Nine Persons, Nine Doors",https://live.vkvideo.ru/jmisha/playlist/cc8d6c43-1d74-4057-8650-fa3217c3ef72/video/f2a20df5-c70d-4784-8f15-876d054570db?tab=playlists,,https://rutube.ru/plst/1731033,https://images.igdb.com/igdb/image/upload/t_cover_big/co4hsz.webp
161,We Love Katamari Reroll,https://live.vkvideo.ru/jmisha/playlist/81391a31-cc62-47d0-998e-ecad1e15d896/video/c5897441-a9ba-485b-a6c9-2f5517106717?tab=playlists,,https://rutube.ru/plst/1731035,https://images.igdb.com/igdb/image/upload/t_cover_big/co6589.webp
162,Chicken Police: Into the Hive!,https://live.vkvideo.ru/jmisha/playlist/07bb711e-ed40-482b-b24f-86dd1639932c/video/c282b3d9-b8d0-48f6-8908-14e939cb0d5e?tab=playlists,,https://rutube.ru/plst/1731036,https://images.igdb.com/igdb/image/upload/t_cover_big/co6vl6.webp
163,LEGO Horizon Adventures,https://live.vkvideo.ru/jmisha/playlist/2fd8908d-58ee-4ff8-8234-91680ec6a1e6/video/834aa96a-3aaa-48d7-826f-0c45c9283cd4?tab=playlists,,https://rutube.ru/plst/1731037,https://images.igdb.com/igdb/image/upload/t_cover_big/co8juk.webp
164,LEGO Star Wars: The Skywalker Saga,https://live.vkvideo.ru/jmisha/playlist/2644ee1c-9d0c-490f-ab8c-201ddcf435d2/video/40afa0a1-4d2a-496a-8b00-f47ef32541e0?tab=playlists,,https://rutube.ru/plst/1731039,https://images.igdb.com/igdb/image/upload/t_cover_big/co28yb.webp
165,Nine Sols,https://live.vkvideo.ru/jmisha/playlist/b4618295-8c29-4dba-90bb-38e6049dbe4e/video/59720c07-bf4d-4600-8ae8-dba1a8995830?tab=playlists,,https://rutube.ru/plst/1731042,https://images.igdb.com/igdb/image/upload/t_cover_big/co4l2s.webp
166,Indiana Jones and the Great Circle,https://live.vkvideo.ru/jmisha/playlist/9d85c17c-bc9c-4cd9-a9d2-5433d61aecb1/video/edbe625c-ac0e-4776-a2ff-4f5dd33fc25e?tab=playlists,,https://rutube.ru/plst/1731044,https://images.igdb.com/igdb/image/upload/t_cover_big/co7nbc.webp
167,Symphonia,https://live.vkvideo.ru/jmisha/playlist/62f20bba-5159-4465-99f3-d3b913623ea0/video/6a1a3f85-f897-4e68-9bc0-3c64ad21ba57?tab=playlists,,https://rutube.ru/plst/1731047,https://images.igdb.com/igdb/image/upload/t_cover_big/co6zic.webp
168,Legacy of Kain: Soul Reaver Remastered,https://live.vkvideo.ru/jmisha/playlist/5d54b0ea-3083-4abd-bb8c-66e9ed7987b4/video/afc931ad-d001-486e-b50f-b6f72fbce46a?tab=playlists,,https://rutube.ru/plst/1731048,https://images.igdb.com/igdb/image/upload/t_cover_big/co9g4c.webp
169,Legacy of Kain: Soul Reaver 2 Remastered,https://live.vkvideo.ru/jmisha/playlist/fc28dba7-afd6-409d-b862-c39cfdff0fd5/video/d6b891bb-09cf-406a-853b-5218b2c00e7c?tab=playlists,,https://rutube.ru/plst/1731051,https://images.igdb.com/igdb/image/upload/t_cover_big/co9g4e.webp
170,The Thing: Remastered,https://live.vkvideo.ru/jmisha/playlist/dd54c4be-0f82-40ab-97e0-d25e92dedb81/video/a0247999-71c2-4c63-a476-9c71e1a78f72?tab=playlists,,https://rutube.ru/plst/1731053,https://images.igdb.com/igdb/image/upload/t_cover_big/co8bjc.webp
171,Zero Escape: Virtue's Last Reward,https://live.vkvideo.ru/jmisha/playlist/70a8712a-72f8-461a-9b30-540581a6de98/video/1fbec4cb-f2dc-49b5-adba-d1d458ed1b31?tab=playlists,,https://rutube.ru/plst/1731054,https://images.igdb.com/igdb/image/upload/t_cover_big/co260l.webp
172,Black Myth: Wukong,https://live.vkvideo.ru/jmisha/playlist/12697f32-a986-4a6a-8f5d-4b866192d448/video/0671cd8f-abbf-4a07-a31b-b6e62ccbb067?tab=playlists,,https://rutube.ru/plst/1731056,https://images.igdb.com/igdb/image/upload/t_cover_big/co8h3y.webp
173,Assassin's Creed Chronicles: China,https://live.vkvideo.ru/jmisha/playlist/5d38b867-0eee-4c87-ad5b-bf84829477a8/video/3ba0116d-764f-47ae-9eff-dee30485a0af?tab=playlists,,https://rutube.ru/plst/1731060,https://images.igdb.com/igdb/image/upload/t_cover_big/co1qy6.webp
174,Assassin's Creed Chronicles: India,https://live.vkvideo.ru/jmisha/playlist/042709e7-406e-4d0a-ade0-dc625f259217/video/9ba1ba9a-c03a-4d41-9283-28559da4461b?tab=playlists,,https://rutube.ru/plst/1731061,https://images.igdb.com/igdb/image/upload/t_cover_big/co1qy4.webp
175,Assassin's Creed Chronicles: Russia,https://live.vkvideo.ru/jmisha/playlist/6efe7fe8-cc67-4262-b66d-607ef81369a0/video/6f9ba3f6-82fc-4c15-8567-1d1ee14e1dc4?tab=playlists,,https://rutube.ru/plst/1731063,https://images.igdb.com/igdb/image/upload/t_cover_big/co1qy5.webp
176,Shady Part of Me,https://live.vkvideo.ru/jmisha/playlist/29d66f8b-2276-4cf7-b98b-5751b74201f6/video/f556fa96-90a5-4da6-a38c-cf30eb59b223?tab=playlists,,https://rutube.ru/plst/1731064,https://images.igdb.com/igdb/image/upload/t_cover_big/co2mfz.webp
177,After Us,https://live.vkvideo.ru/jmisha/playlist/7a18bc1e-b006-47cf-8f2b-b9463c7749b6/video/11271d02-42d5-4ef5-b683-26710b2033d7?tab=playlists,,https://rutube.ru/plst/1731065,https://images.igdb.com/igdb/image/upload/t_cover_big/co5val.webp
178,Endling: Extinction is Forever,https://live.vkvideo.ru/jmisha/playlist/bdaff791-af7e-4986-a044-6504b3377040/video/b7f993c7-fb47-4820-bad1-edb15a46c2a7?tab=playlists,,https://rutube.ru/plst/1731066,https://images.igdb.com/igdb/image/upload/t_cover_big/co6pmo.webp
179,A Hat in Time,https://live.vkvideo.ru/jmisha/playlist/ceba0503-a38d-4c39-b691-b8ddf22850d3/video/7e4d8f9c-0475-4eb1-982e-48b20fc85ae9?tab=playlists,,https://rutube.ru/plst/1731067,https://images.igdb.com/igdb/image/upload/t_cover_big/cob1uc.webp
180,Tomb Raider: The Last Revelation Remaster,https://live.vkvideo.ru/jmisha/playlist/63e502ab-5f1b-48bd-9a21-d067179dde34/video/31192bdd-f70e-41c8-bf9d-6e939d89ca31?tab=playlists,,https://rutube.ru/plst/1731068,https://images.igdb.com/igdb/image/upload/t_cover_big/co9fnl.webp
181,Stellar Blade,https://live.vkvideo.ru/jmisha/playlist/67f710d4-dca3-4f09-971f-032f5814db8b/video/fae19af9-6ae5-40f0-a1cc-ec4ef35ae563?tab=playlists,,https://rutube.ru/plst/1731070,https://images.igdb.com/igdb/image/upload/t_cover_big/co9s0t.webp
182,Tomb Raider: Chronicles Remastered,https://live.vkvideo.ru/jmisha/playlist/5bc48eae-1d57-44e2-aa4d-cf717c380b10/video/8bd4bca5-5294-419a-aa26-0498b118b36d?tab=playlists,,https://rutube.ru/plst/1731072,https://images.igdb.com/igdb/image/upload/t_cover_big/co9fnm.webp
183,Tomb Raider: The Angel of Darkness Remastered,https://live.vkvideo.ru/jmisha/playlist/3fb582a4-876a-45c5-84d4-5645cb7b8cf2/video/b24dd495-3d44-40fb-a322-52d3f9da1c58?tab=playlists,,https://rutube.ru/plst/1731074,https://images.igdb.com/igdb/image/upload/t_cover_big/co9fnn.webp
184,Split Fiction,https://live.vkvideo.ru/jmisha/playlist/68fadeff-655b-416b-af58-bcf49fa9cd61/video/7d4abef4-c19f-4462-88d0-cb4e5d5f3fc9?tab=playlists,,https://rutube.ru/plst/1731075,https://images.igdb.com/igdb/image/upload/t_cover_big/co95gf.webp
185,Lost Records: Bloom & Rage,https://live.vkvideo.ru/jmisha/playlist/961900d9-5a67-4fe4-98d3-984828fdfe07/video/592484a6-dc56-4fb9-90dd-0c78d315f3a1?tab=playlists,,https://rutube.ru/plst/1731077,https://images.igdb.com/igdb/image/upload/t_cover_big/co9p3a.webp
186,Tomb Raider: Legend,https://live.vkvideo.ru/jmisha/playlist/39becc4c-d4e1-4a23-bf0c-bf96190a73c6/video/ce8b200d-82df-4588-8d08-a15befec8060?tab=playlists,,https://rutube.ru/plst/1731080,https://images.igdb.com/igdb/image/upload/t_cover_big/co1nnv.webp
187,Tomb Raider: Anniversary,https://live.vkvideo.ru/jmisha/playlist/4fc7ecde-26f7-45a1-891a-d7698d374c23/video/c4002eb4-8052-4ff3-8f01-582176136d99?tab=playlists,,https://rutube.ru/plst/1731082,https://images.igdb.com/igdb/image/upload/t_cover_big/coaesz.webp
188,Tomb Raider: Underworld,https://live.vkvideo.ru/jmisha/playlist/1a55526b-85a3-457b-8aed-d1c511f05315/video/c05c1119-d479-4208-a8c1-cc6301fbc327?tab=playlists,,https://rutube.ru/plst/1731085,https://images.igdb.com/igdb/image/upload/t_cover_big/co1voc.webp
189,Tchia,https://live.vkvideo.ru/jmisha/playlist/837a7903-72c5-4994-a4a1-5007d51a0700/video/cc21695a-bb84-4b9e-803c-2193ca7d4705?tab=playlists,,https://rutube.ru/plst/1731086,https://images.igdb.com/igdb/image/upload/t_cover_big/co62l2.webp
190,Sifu,https://live.vkvideo.ru/jmisha/playlist/f61e2670-a4d2-41ad-bf62-91d4e35e4e7c/video/301da58d-d454-44e0-9785-80bcb18a57e7?tab=playlists,,https://rutube.ru/plst/1731088,https://images.igdb.com/igdb/image/upload/t_cover_big/co4h5s.webp
191,Croc: Legend of the Gobbos,https://live.vkvideo.ru/jmisha/playlist/0575e407-c975-4533-83d2-b05474c72b45/video/3c5dd3a5-1456-47f8-b2d6-2527b424fa5d?tab=playlists,,https://rutube.ru/plst/1731090,https://images.igdb.com/igdb/image/upload/t_cover_big/co8qsi.webp
192,Tomb Raider 2013,https://live.vkvideo.ru/jmisha/playlist/86ec3f3e-53ab-4aa4-bc6e-10e49be70002/video/b4eac0bc-93a0-4716-b48a-01fe64d082cf?tab=playlists,,https://rutube.ru/plst/1731091,https://images.igdb.com/igdb/image/upload/t_cover_big/co1rbu.webp
193,South of Midnight,https://live.vkvideo.ru/jmisha/playlist/d7aa5d9b-f3f0-4000-900d-6bc754b39264/video/6955828a-b429-4c6b-8dce-d1c1128d54a7?tab=playlists,,https://rutube.ru/plst/1731092,https://images.igdb.com/igdb/image/upload/t_cover_big/co8bot.webp
194,Blue Prince,https://live.vkvideo.ru/jmisha/playlist/1cd6e244-24f1-41b1-9cc0-b4c77ad69991/video/f526f48c-1068-4af9-89dc-9f4ab9932249?tab=playlists,,https://rutube.ru/plst/1731093,https://images.igdb.com/igdb/image/upload/t_cover_big/co9mzd.webp
195,Rise of the Tomb Raider,https://live.vkvideo.ru/jmisha/playlist/dc0bd960-1c9c-4d43-b24c-586424bfbd37/video/28e6e224-49d5-4faf-a38e-1362f12bfba9?tab=playlists,,https://rutube.ru/plst/1731095,https://images.igdb.com/igdb/image/upload/t_cover_big/co1rqa.webp
196,Assassin's Creed Shadows,https://live.vkvideo.ru/jmisha/playlist/7faf4341-5642-477c-8333-e59a7ff35a6a/video/e83c65f2-ec55-4783-bb0d-8167beb8cee5?tab=playlists,,https://rutube.ru/plst/1731097,https://images.igdb.com/igdb/image/upload/t_cover_big/co87cu.webp
197,Spirit of the North 2,https://live.vkvideo.ru/jmisha/playlist/c9135687-1049-4bee-bdec-d771d906c9af/video/be89f89d-84a4-4971-9e58-01b489251c4f?tab=playlists,,https://rutube.ru/plst/1731098,https://images.igdb.com/igdb/image/upload/t_cover_big/co7abv.webp
198,Alien: Isolation,https://live.vkvideo.ru/jmisha/playlist/a48d2fcb-2e2d-410d-ab43-e8473cc90c3e/video/b185e176-409e-498a-a888-f1f9973a6bf0?tab=playlists,,https://rutube.ru/plst/1731100,https://images.igdb.com/igdb/image/upload/t_cover_big/co1vzu.webp
199,The Midnight Walk,https://live.vkvideo.ru/jmisha/playlist/e403cc18-1ae3-40bf-b580-e2922361c231/video/95e3d49e-94a0-4a43-a185-14e9be326530?tab=playlists,,https://rutube.ru/plst/1731101,https://images.igdb.com/igdb/image/upload/t_cover_big/co8ur3.webp
200,Black Mesa,https://live.vkvideo.ru/jmisha/playlist/1c6c0e13-381a-4a59-8c2f-aafe4e036b7e/video/477dff24-2e01-4718-bddd-dcddb9579dc4?tab=playlists,,https://rutube.ru/plst/1731102,https://images.igdb.com/igdb/image/upload/t_cover_big/co20n4.webp
201,Doom: The Dark Ages,https://live.vkvideo.ru/jmisha/playlist/8c262111-ad0b-47ca-b26e-dc583c56bb76/video/9b3c52c3-b372-4f1d-b6bc-8a8a730b5c12?tab=playlists,,https://rutube.ru/plst/1731106,https://images.igdb.com/igdb/image/upload/t_cover_big/co9b3o.webp
202,Clair Obscur: Expedition 33,https://live.vkvideo.ru/jmisha/playlist/40b52a85-bfda-43a5-9751-9b5f29eae0f8/video/eda97713-7e5c-4b50-ba63-adc7344f92fb?tab=playlists,,https://rutube.ru/plst/1731107,https://images.igdb.com/igdb/image/upload/t_cover_big/co9gam.webp
203,Pac-Man World Re-Pac,https://live.vkvideo.ru/jmisha/playlist/b53b9959-36a1-446e-b93c-1fcd923fd396/video/60f21cfb-b49a-485c-9383-ab6e64cb5113?tab=playlists,,https://rutube.ru/plst/1731110,https://images.igdb.com/igdb/image/upload/t_cover_big/co7ex1.webp
204,Shadow of the Tomb Raider,https://live.vkvideo.ru/jmisha/playlist/84c2a82d-7bc6-48b3-a75c-2cf36f3c67df/video/48484620-03ca-4a1f-abae-8906f53737a2?tab=playlists,,https://rutube.ru/plst/1731111,https://images.igdb.com/igdb/image/upload/t_cover_big/co1vcn.webp
205,Lost in Random: The Eternal Die,https://live.vkvideo.ru/jmisha/playlist/3fc49faa-2e58-4c11-b8ea-7f432e6356c7/video/4b2e1995-73d9-4224-9d61-65b6dcf59094?tab=playlists,,https://rutube.ru/plst/1731112,https://images.igdb.com/igdb/image/upload/t_cover_big/co9t4g.webp
206,Death Stranding 2: On The Beach,https://live.vkvideo.ru/jmisha/playlist/c9908a8e-275c-4830-8010-88cbea840afd/video/67dd368c-3ba1-43f5-88d2-777b02a01e87?tab=playlists,,https://rutube.ru/plst/1731113,https://images.igdb.com/igdb/image/upload/t_cover_big/co9ipx.webp
207,Ruffy and the Riverside,https://live.vkvideo.ru/jmisha/playlist/ffac65f8-32ac-4593-97b3-fe7c4e0d42d5/video/b21f9e01-d481-4004-809d-18701e10220a?tab=playlists,,https://rutube.ru/plst/1731114,https://images.igdb.com/igdb/image/upload/t_cover_big/co92in.webp
208,Once Upon a Puppet,https://live.vkvideo.ru/jmisha/playlist/83d27485-f3d4-4819-8844-469600e867e9/video/ba514852-09ad-4d74-8f6d-12489f73cbbe?tab=playlists,,https://rutube.ru/plst/1731116,https://images.igdb.com/igdb/image/upload/t_cover_big/co97gz.webp
209,Mafia: The Old Country,https://live.vkvideo.ru/jmisha/playlist/da12e011-38a9-4c46-87ba-b727d54802a3/video/d839b89a-3fa6-4130-b975-75f68f3513b7?tab=playlists,,https://rutube.ru/plst/1731117,https://images.igdb.com/igdb/image/upload/t_cover_big/coa9dq.webp
210,Shadow Labyrinth,https://live.vkvideo.ru/jmisha/playlist/ae405269-8e24-4b95-bdcc-2855314b53da/video/b2ef183e-9b98-4a91-becb-f3ece6114908?tab=playlists,,https://rutube.ru/plst/1731118,https://images.igdb.com/igdb/image/upload/t_cover_big/co95ft.webp
211,Echoes of the End,https://live.vkvideo.ru/jmisha/playlist/8fc86833-8a88-41ff-8d6d-c7b3ffb643e5/video/c6e3427e-c915-41ad-9aec-c998fe698ff5?tab=playlists,,https://rutube.ru/plst/1731120,https://images.igdb.com/igdb/image/upload/t_cover_big/co9xoc.webp
212,Sword of the Sea,https://live.vkvideo.ru/jmisha/playlist/21eff2dd-da17-47d2-87aa-2ed40c5dbd4a/video/0a5abe1b-a341-440e-8ae6-8530a44ec148?tab=playlists,,https://rutube.ru/plst/1731121,https://images.igdb.com/igdb/image/upload/t_cover_big/co9xx2.webp
213,Herdling,https://live.vkvideo.ru/jmisha/playlist/536592e7-8b1c-4fa7-a0e3-f09d4538885b/video/37e74816-7e34-4c7c-9ce6-bdce27f8429e?tab=playlists,,https://rutube.ru/plst/1731122,https://images.igdb.com/igdb/image/upload/t_cover_big/co8pg0.webp
214,Metal Gear Solid Delta: Snake Eater,https://live.vkvideo.ru/jmisha/playlist/7ab047a0-162e-4c6f-b8ba-7c24afffe644/video/3298c4d0-8c4e-49a1-8b09-ae138c04e518?tab=playlists,,https://rutube.ru/plst/1731124,https://images.igdb.com/igdb/image/upload/t_cover_big/coac1n.webp
215,Donkey Kong Bananza,https://live.vkvideo.ru/jmisha/playlist/b714a371-3d2b-43df-aa3c-48ed59806e44/video/4e6b9564-0fb8-4b3f-beed-cfc6f1cbe5b7?tab=playlists,,https://rutube.ru/plst/1731125,https://images.igdb.com/igdb/image/upload/t_cover_big/cobd1q.webp
216,Mario Kart World,https://live.vkvideo.ru/jmisha/playlist/d37fbd70-92a8-4514-89f4-1e4520f78e35/video/58dd2f46-f7cf-498c-8f39-46c0000d4345?tab=playlists,,https://rutube.ru/plst/1731127,https://images.igdb.com/igdb/image/upload/t_cover_big/cob9s9.webp
217,Indiana Jones and the Great Circle: The Order of Giants,https://live.vkvideo.ru/jmisha/playlist/ba114475-b5e0-4d03-ab79-b4aad8efbaf8/video/cff4356c-4fa7-4310-97ec-72d1e4c08536?tab=playlists,,https://rutube.ru/plst/1731128,https://images.igdb.com/igdb/image/upload/t_cover_big/co9zmq.webp
218,Hollow Knight: Silksong,https://live.vkvideo.ru/jmisha/playlist/82dcb8de-bfc0-4efe-aece-4ea16a4472d6/video/09c372a1-0ace-4516-943d-6ab0b3bbc748?tab=playlist_moderate,,https://rutube.ru/plst/1731129,https://images.igdb.com/igdb/image/upload/t_cover_big/cobebu.webp
219,Silent Hill f,https://live.vkvideo.ru/jmisha/playlist/e77e7210-e97b-4d62-9209-c8278e15d1b7/video/56da96ec-eff8-4573-ac28-0840357f12ce?tab=playlists,,https://rutube.ru/plst/1731130,https://images.igdb.com/igdb/image/upload/t_cover_big/co9wy4.webp
220,Alien: Rogue Incursion Evolved Edition,https://live.vkvideo.ru/jmisha/playlist/ac5212d8-536e-4e09-87a3-4ef7311eb741/video/c0dc5cd2-567f-4936-bcd0-52760965f020?tab=playlists,,https://rutube.ru/plst/1731131,https://images.igdb.com/igdb/image/upload/t_cover_big/coa02k.webp
221,Super Mario Galaxy 2,https://live.vkvideo.ru/jmisha/playlist/ac3f7774-2329-4790-a73e-96651df48f27/video/3bfc31ab-4dab-49d6-acf4-11ddd090385e?tab=playlists,,https://rutube.ru/plst/1731133,https://images.igdb.com/igdb/image/upload/t_cover_big/coag5x.webp
222,Pac-Man World 2 Re-Pac,https://live.vkvideo.ru/jmisha/playlist/701d848b-2dd0-454c-af15-83ed50985b0f/video/343d4d76-439e-4a99-b620-cb6966350e1b?tab=playlists,,https://rutube.ru/plst/1731135,https://images.igdb.com/igdb/image/upload/t_cover_big/coc721.webp
223,Cronos: The New Dawn,https://live.vkvideo.ru/jmisha/playlist/3b3ce4b5-12e6-41a5-86df-2b4dbcc18fb6/video/e93aa6d8-1616-4839-9068-2f54613a3a3f?tab=playlists,,https://rutube.ru/plst/1731136,https://images.igdb.com/igdb/image/upload/t_cover_big/cobqq9.webp
224,Little Nightmares III,https://live.vkvideo.ru/jmisha/playlist/f6959787-23de-4c0a-a7a0-21460395e7f7/video/54631ddd-cb11-4b8c-b7f0-1ed4550588ed?tab=playlists,,https://rutube.ru/plst/1731137,https://images.igdb.com/igdb/image/upload/t_cover_big/coa171.webp
225,Little Nightmares: Enhanced Edition,https://live.vkvideo.ru/jmisha/playlist/a6e58fc7-b6de-479c-b156-b9525e914585/video/0e2fca1f-28ee-49f0-986c-0b3aa982e938?tab=playlists,,https://rutube.ru/plst/1731138,https://images.igdb.com/igdb/image/upload/t_cover_big/coa17d.webp
226,Bye Sweet Carole,https://live.vkvideo.ru/jmisha/playlist/7b9ed749-4151-4706-94bf-1c90cc1d4b61/video/139a2b8d-8ac0-463e-8b8b-7b058d4a64d4?tab=playlists,,https://rutube.ru/plst/1731142,https://images.igdb.com/igdb/image/upload/t_cover_big/coanb6.webp
227,Hirogami,https://live.vkvideo.ru/jmisha/playlist/23189ce1-3c6e-40b9-940f-a0f2cf2c7d23/video/383542d3-077a-4dca-b30c-a689898a627e?tab=playlists,,https://rutube.ru/plst/1731143,https://images.igdb.com/igdb/image/upload/t_cover_big/co8v6d.webp
228,.Hack//G.U. Last Recode,https://live.vkvideo.ru/jmisha/playlist/6a63665b-7726-4904-860b-5de5d6fecc9d/video/f486116b-0bd8-4df7-a4b6-18f617b7978a?tab=playlists,,https://rutube.ru/plst/1731144,https://images.igdb.com/igdb/image/upload/t_cover_big/co30zq.webp
229,Keeper,https://live.vkvideo.ru/jmisha/playlist/472ff0e5-7317-46a9-9731-43a0843f94fb/video/98437703-0060-4cda-931c-7438498558ef?tab=playlists,,https://rutube.ru/plst/1731145,https://images.igdb.com/igdb/image/upload/t_cover_big/coapv6.webp
230,Ori and the Blind Forest,https://live.vkvideo.ru/jmisha/playlist/1f1be590-6060-4deb-a0ff-1d7daed9dda2/video/46ef7721-5467-4c28-ab40-c7039ba16162?tab=playlists,,https://rutube.ru/plst/1731146,https://images.igdb.com/igdb/image/upload/t_cover_big/co1y41.webp
231,Once Upon A KATAMARI,https://live.vkvideo.ru/jmisha/playlist/77f86e6d-68ed-4cec-ac19-4de14a4384b3/video/66cf410a-585e-4580-a8b8-53e6ed8d25d2?tab=playlists,,https://rutube.ru/plst/1731148,https://images.igdb.com/igdb/image/upload/t_cover_big/coaxcx.webp
232,Gears of War: Reloaded,https://live.vkvideo.ru/jmisha/playlist/bb0ee618-ef2a-4460-9257-5b2b7ea3a093/video/40dd7742-31cc-46e3-8be4-565516486db1?tab=playlists,,https://rutube.ru/plst/1731151,https://images.igdb.com/igdb/image/upload/t_cover_big/co9rr2.webp
233,Ghost of Yotei,https://live.vkvideo.ru/jmisha/playlist/40440d11-15df-49b4-9013-0fae59937175/video/46147203-3c52-46dd-aafd-69f1c0e54347?tab=playlists,,https://rutube.ru/plst/1731153,https://images.igdb.com/igdb/image/upload/t_cover_big/co9coo.webp
234,Egging On,https://live.vkvideo.ru/jmisha/playlist/d784ff0c-46ba-4de7-9c32-d32944d94879/video/58ade23e-85b6-41f0-8d81-2f964d6eac7b?tab=playlists,,https://rutube.ru/plst/1731157,https://images.igdb.com/igdb/image/upload/t_cover_big/coaqvg.webp
235,Hyrule Warriors: Age of Imprisonment,https://live.vkvideo.ru/jmisha/playlist/43b38007-1fa1-45c2-9e0e-2fee2658b649/video/c1e41ed3-b38b-4a25-8ab9-aef9b2efa5dc?tab=playlists,,https://rutube.ru/plst/1731159,https://images.igdb.com/igdb/image/upload/t_cover_big/cob9n1.webp
236,My Little Puppy,https://live.vkvideo.ru/jmisha/playlist/fbbf5017-36b9-44bf-840c-52a8d717124c/video/36393a53-5239-49c6-be40-0c1eb6cc3f46?tab=playlists,,https://rutube.ru/plst/1731162,https://images.igdb.com/igdb/image/upload/t_cover_big/co9ji9.webp
237,Dispatch,https://live.vkvideo.ru/jmisha/playlist/dd0f4796-a3e9-4b76-b28e-6ae1b66934fa/video/d5f1cf0d-decd-45cb-b3e0-cefdc246d313?tab=playlists,,https://rutube.ru/plst/1731163,https://images.igdb.com/igdb/image/upload/t_cover_big/cob5ql.webp
238,SpongeBob SquarePants: Titans of the Tide,https://live.vkvideo.ru/jmisha/playlist/1af2f0fd-e60c-4929-bc42-0bd0cee79c15/video/ed1891fc-2345-469d-9dab-0de6aa1260ed?tab=playlists,,https://rutube.ru/plst/1731164,https://images.igdb.com/igdb/image/upload/t_cover_big/coa7p0.webp
239,Lumines Arise,https://live.vkvideo.ru/jmisha/playlist/e1f57724-b621-4d71-8ba4-10b5d171f9fc/video/9672d7c9-e293-491e-a561-698113e29410?tab=playlists,,https://rutube.ru/plst/1731165,https://images.igdb.com/igdb/image/upload/t_cover_big/co9wve.webp
240,Assassin’s Creed Mirage: Valley of Memory,https://live.vkvideo.ru/jmisha/playlist/810c4d9a-a897-4fcb-a7aa-a1cad1227df9/video/8bad877d-d943-4029-8049-b9b95bce152c?tab=playlists,,https://rutube.ru/plst/1731166,https://images.igdb.com/igdb/image/upload/t_cover_big/coapkg.webp
241,Constance,https://live.vkvideo.ru/jmisha/playlist/3f3699dd-2f5c-4905-aed9-486798d74e0d/video/b093dc68-e062-498f-bdff-240e54e09f9e?tab=playlists,,https://rutube.ru/plst/1731167,https://images.igdb.com/igdb/image/upload/t_cover_big/co6z3r.webp
242,Possessor(s),https://live.vkvideo.ru/jmisha/playlist/69043202-197f-4e46-bd0f-ac3c43d5a712/video/2af5547f-eb2f-4d38-8868-48e422cb3f94?tab=playlists,,https://rutube.ru/plst/1731168,https://images.igdb.com/igdb/image/upload/t_cover_big/coakji.webp
243,Metroid Prime 4: Beyond,https://live.vkvideo.ru/jmisha/playlist/5baa4248-bf2e-4a6f-8cae-66b2f44edd82/video/593f3d64-e201-48d7-81a6-346b67a48554?tab=playlists,,https://rutube.ru/plst/1731170,https://images.igdb.com/igdb/image/upload/t_cover_big/cob9xh.webp
244,Skate Story,https://live.vkvideo.ru/jmisha/playlist/ab2291d0-2b12-4a37-a859-3b4c4d7a0efc/video/b0155a5b-5c5a-43cd-b6a9-c144e33b8f95?tab=playlists,,https://rutube.ru/plst/1731171,https://images.igdb.com/igdb/image/upload/t_cover_big/co4xg0.webp
245,Lost Ember: Rekindled Edition,https://live.vkvideo.ru/jmisha/playlist/0204eb31-90cf-4581-93b4-d27d94ed1a25/video/619a517a-8be6-46e5-b1b7-f9b8f4fbd282?tab=playlists,,https://rutube.ru/plst/1731172,https://images.igdb.com/igdb/image/upload/t_cover_big/coavxu.webp
246,Grand Theft Auto: Vice City,https://live.vkvideo.ru/jmisha/playlist/35ad0b38-0dff-4110-8d83-1c9ed70a2a4e/video/0865c316-deff-43ae-aab0-4e2ef3b9e855?tab=playlists,,https://rutube.ru/plst/1731173,https://images.igdb.com/igdb/image/upload/t_cover_big/cobxb6.webp
247,Gex,https://live.vkvideo.ru/jmisha/playlist/6032197a-0233-490b-a7fb-8008a081281d/video/b9b8d1fb-b4ed-4e86-9900-fa97e3559fc8?tab=playlists,,https://rutube.ru/plst/1731174,https://images.igdb.com/igdb/image/upload/t_cover_big/co1p57.webp
248,Gex: Enter the Gecko,https://live.vkvideo.ru/jmisha/playlist/c358308a-50d3-4fbd-b153-4e9d44a68c2f/video/159bfeb7-3fe9-446d-9b2f-dac6b1dd1e52?tab=playlists,,https://rutube.ru/plst/1731175,https://images.igdb.com/igdb/image/upload/t_cover_big/co2q8n.webp
249,Gex 3: Deep Cover Gecko,https://live.vkvideo.ru/jmisha/playlist/9bd685db-a796-4d00-b7e0-5dacac3c8a62/video/d52281a0-8edd-413b-a256-bd05ee1f7a50?tab=playlists,,https://rutube.ru/plst/1731177,https://images.igdb.com/igdb/image/upload/t_cover_big/co6qvu.webp
250,Paradise Killer,https://live.vkvideo.ru/jmisha/playlist/a1dbc9cb-4d7a-443e-9b73-00f3ee0ca5e8/video/fad26cc9-7162-4b9f-a11d-619b92b4b0d0?tab=playlists,,https://rutube.ru/plst/1731179,https://images.igdb.com/igdb/image/upload/t_cover_big/co9910.webp
251,Brothers: A Tale of Two Sons Remake,https://live.vkvideo.ru/jmisha/playlist/7a29aee4-bff8-415a-baa2-a9830c61e2ee/video/4de35839-74cf-4f54-bf46-e53bd14f4fbd?tab=playlists,,https://rutube.ru/plst/1731933,https://images.igdb.com/igdb/image/upload/t_cover_big/coc2zm.webp
252,Indika,https://live.vkvideo.ru/jmisha/playlist/610edb67-8d70-4ef1-982a-192098f0420c/video/2c30d880-8fd2-469c-a443-c87f5d0d24bd?tab=playlists,,https://rutube.ru/plst/1731936,https://images.igdb.com/igdb/image/upload/t_cover_big/co85mc.webp
253,The Invincible,https://live.vkvideo.ru/jmisha/playlist/df908b75-c657-4c8b-8cc3-9b6092cb9915/video/3e96c10f-9fed-4880-afc0-0700a4edf62c?tab=playlists,,https://rutube.ru/plst/1731938,https://images.igdb.com/igdb/image/upload/t_cover_big/co61ol.webp
254,Little Nightmares: Enhanced Edition DLC,https://live.vkvideo.ru/jmisha/playlist/a5cf0537-4603-4a39-842d-c1c60dde7404/video/0e974498-7e78-499b-8309-c89296664260?tab=playlists,,https://rutube.ru/plst/1731941,https://images.igdb.com/igdb/image/upload/t_cover_big/coaokh.webp
255,Little Nightmares II: Enhanced Edition,https://live.vkvideo.ru/jmisha/playlist/27c20deb-4664-446a-a333-7bbf83c23be8/video/53eea364-dc78-461f-a2dd-55d0d91b1728?tab=playlists,,https://rutube.ru/plst/1731942,https://images.igdb.com/igdb/image/upload/t_cover_big/coanqg.webp
256,Terminator 2D: No Fate,https://live.vkvideo.ru/jmisha/playlist/6493546d-7424-44d0-9be1-6af426a7d846/video/d14bfe3a-f244-4a22-a0c3-f99c40e0c23d?tab=playlists,,https://rutube.ru/plst/1731943,https://images.igdb.com/igdb/image/upload/t_cover_big/co9s6r.webp
257,The Rogue Prince of Persia,https://live.vkvideo.ru/jmisha/playlist/836b0e54-a54e-4a65-a6fd-34b91d8370ed/video/d76c9975-d5fe-4bba-9db9-f81d01246be4?tab=playlists,,https://rutube.ru/plst/1731944,https://images.igdb.com/igdb/image/upload/t_cover_big/coab8v.webp
258,Immortals of Aveum,https://live.vkvideo.ru/jmisha/playlist/2fab3b52-4158-4c57-960e-8053534a1d8a/video/464d7a31-1ca8-4d1c-928e-5f27c69c5812?tab=playlists,,https://rutube.ru/plst/1731945,https://images.igdb.com/igdb/image/upload/t_cover_big/co6dtk.webp
259,Unbeatable,https://live.vkvideo.ru/jmisha/playlist/626ef65c-c574-4bfd-bf28-0d15a5781776/video/81f3b345-999d-48c5-9d52-e3b3ac078836?tab=playlists,,https://rutube.ru/plst/1731946,https://images.igdb.com/igdb/image/upload/t_cover_big/co9ozh.webp
260,Kejora,https://live.vkvideo.ru/jmisha/playlist/964added-4bdf-4b6c-9529-bdb2d23c0146/video/a288cbd6-6e0d-468f-bd97-bc1dc6c9758b?tab=playlists,,https://rutube.ru/plst/1731950,https://images.igdb.com/igdb/image/upload/t_cover_big/coanxw.webp
261,MIO: Memories in Orbit,https://live.vkvideo.ru/jmisha/playlist/49c14ee0-da02-4ac3-9160-0b046889404d/video/f11935f3-d3a6-44e3-a81a-725261fb6190?tab=playlists,,https://rutube.ru/plst/1731951,https://images.igdb.com/igdb/image/upload/t_cover_big/co8tkh.webp
262,The Exit 8,https://live.vkvideo.ru/jmisha/playlist/e66f45f7-a603-46dd-8694-c3ef0b534f98/video/9c005fec-9d28-41df-9cc9-f7ad3da3600f?tab=playlists,,https://rutube.ru/plst/1731955,https://images.igdb.com/igdb/image/upload/t_cover_big/co7fw1.webp
263,A Quiet Place: The Road Ahead,https://live.vkvideo.ru/jmisha/playlist/23404d83-815f-43a4-af98-25f93ab0b880/video/ad1d4946-1476-4e13-9a63-9435dcba21c4?tab=playlists,,https://rutube.ru/plst/1731958,https://images.igdb.com/igdb/image/upload/t_cover_big/co8gtp.webp
264,The Last Guardian Последний хранитель,https://live.vkvideo.ru/jmisha/playlist/aa79c2a3-fe92-430c-a583-1dcf28af8a96/video/5f90db7e-a2fe-46a5-b1a1-d9f4d2585bfb?tab=playlists,,https://rutube.ru/plst/1731959,https://images.igdb.com/igdb/image/upload/t_cover_big/co271e.webp
265,RoboCop: Rogue City,https://live.vkvideo.ru/jmisha/playlist/e2b7d819-a246-4d2e-862c-a381e3c3c060/video/d9d148d9-7b0d-4cfb-8994-f3d2bb1875d5?tab=playlists,,https://rutube.ru/plst/1731960,https://images.igdb.com/igdb/image/upload/t_cover_big/co4ykm.webp
266,Carmageddon: Rogue Shift,https://live.vkvideo.ru/jmisha/playlist/62a4267e-9f85-40eb-9809-6da2e7023942/video/2bdbac4b-4a0e-475b-91bb-029fccdadb0a?tab=playlists,,https://rutube.ru/plst/1731961,https://images.igdb.com/igdb/image/upload/t_cover_big/coay63.webp
267,RoboCop: Rogue City - Unfinished Business,https://live.vkvideo.ru/jmisha/playlist/b65bb66f-9919-4d22-9929-99cc376352d0/video/948c7ac9-d55e-4965-a952-60fea02f6f26?tab=playlists,,https://rutube.ru/plst/1731964,https://images.igdb.com/igdb/image/upload/t_cover_big/co9i71.webp
268,Reanimal,https://live.vkvideo.ru/jmisha/playlist/fe5a1ab5-7b45-45b4-ba24-a8c7d6ef758e/video/c79060c8-528e-4a79-905c-0897538850a9?tab=playlists,,https://rutube.ru/plst/1731965,https://images.igdb.com/igdb/image/upload/t_cover_big/coc21i.webp
269,High On Life 2,https://live.vkvideo.ru/jmisha/playlist/f458f367-b7ab-43ad-9d8c-2b71b303a5c5/video/08ab9d17-484d-4380-bf5c-6d883dea17ce?tab=playlists,,https://rutube.ru/plst/1731967,https://images.igdb.com/igdb/image/upload/t_cover_big/co9xyv.webp
270,Crisol: Theater of Idols,https://live.vkvideo.ru/jmisha/playlist/b613c341-d31b-4860-9568-35e1b86ef9d8/video/4364b18e-0835-4841-81df-d31eb3805986?tab=playlists,,https://rutube.ru/plst/1731968,https://images.igdb.com/igdb/image/upload/t_cover_big/co9xsh.webp
271,Neva: Prologue,https://live.vkvideo.ru/jmisha/playlist/38b41c27-cf93-4dd4-91c9-7fec4ce57cc7/video/a2c89bc7-105c-4997-95b0-c501c4b66a80?tab=playlists,,https://rutube.ru/plst/1731970,https://images.igdb.com/igdb/image/upload/t_cover_big/cobigq.webp
272,Romeo is a Dead Man,https://live.vkvideo.ru/jmisha/playlist/29248830-2ebf-49b3-abf8-2b4f3464b9d3/video/7e46f97b-eae5-42d2-b3d3-f3bfdca5ad02?tab=playlists,,https://rutube.ru/plst/1731971,https://images.igdb.com/igdb/image/upload/t_cover_big/coakmt.webp
273,Rayman: 30th Anniversary Edition,https://live.vkvideo.ru/jmisha/playlist/2dc0e8f0-3eaf-4098-94f7-a5efe24038cd/video/55dbb39c-84b9-4c55-bf66-fac88ee96a9a?tab=playlists,,https://rutube.ru/plst/1731974,https://images.igdb.com/igdb/image/upload/t_cover_big/cobihp.webp
274,Resident Evil Requiem,https://live.vkvideo.ru/jmisha/playlist/5086efea-f759-4e11-a9aa-c395ade9d929/video/e3ea5b60-fa91-4209-86d8-3f7f768b721e?tab=playlists,,https://rutube.ru/plst/1731977,https://images.igdb.com/igdb/image/upload/t_cover_big/cobmj0.webp
275,Planet of Lana II: Children of the Leaf,https://live.vkvideo.ru/jmisha/playlist/f8600918-45aa-4788-9a52-6d10f12efaa0/video/9f865771-0fea-4762-b8ca-8cf936a4bece?tab=playlists,,https://rutube.ru/plst/1731980,https://images.igdb.com/igdb/image/upload/t_cover_big/coc37i.webp
276,Legacy of Kain: Defiance Remastered,https://live.vkvideo.ru/jmisha/playlist/96f9b310-4c4b-4be3-8e3b-18fa66d32d58/video/5791417d-a976-496b-8280-5baecf0ba80f?tab=playlists,,https://rutube.ru/plst/1731981,https://images.igdb.com/igdb/image/upload/t_cover_big/cobjp3.webp
277,Fatal Frame,https://live.vkvideo.ru/jmisha/playlist/54eceb03-b4a0-40e4-835c-286a783aecc5/video/4c5a8bbc-90dc-479e-b8ce-96662e006b90?tab=playlists,,https://rutube.ru/plst/1731982,https://images.igdb.com/igdb/image/upload/t_cover_big/co9jki.webp
278,Fatal Frame II: Crimson Butterfly Remake,https://live.vkvideo.ru/jmisha/playlist/c150fc36-ec02-4a13-a0e4-021092f17b31/video/2ed59f4a-b2eb-4bee-a8a6-f420def1810f?tab=playlists,,https://rutube.ru/plst/1731984,https://images.igdb.com/igdb/image/upload/t_cover_big/coau37.webp
279,Fatal Frame III: The Tormented,https://live.vkvideo.ru/jmisha/playlist/b9789826-dba4-4ebb-846d-6ab4e2ce55c3/video/3f89acb8-32a2-4a96-9f57-c3940dd9a6d8?tab=playlists,,https://rutube.ru/plst/1731987,https://images.igdb.com/igdb/image/upload/t_cover_big/co1ov1.webp
280,Minishoot' Adventures,https://live.vkvideo.ru/jmisha/playlist/35b37792-c700-4e6c-9c6a-60e5c7e142ba/video/f8d0b3eb-5df0-461e-b4a6-f54d3183f9e6?tab=playlists,,https://rutube.ru/plst/1731990,https://images.igdb.com/igdb/image/upload/t_cover_big/co7udo.webp
281,Total Chaos,https://live.vkvideo.ru/jmisha/playlist/0d1123e7-22ce-4b3e-927f-aa66ba3698cf/video/b627647b-804d-4652-b430-21e7576ccef4?tab=playlists,,https://rutube.ru/plst/1731992,https://images.igdb.com/igdb/image/upload/t_cover_big/coave3.webp
282,Dave the Diver,https://live.vkvideo.ru/jmisha/playlist/b4f6bd75-7ed8-4ccb-8d2f-8748772fbf59/video/e78c07b0-1fc2-422e-8f11-1ffeea64365b,,https://rutube.ru/plst/1731995,https://images.igdb.com/igdb/image/upload/t_cover_big/cocdlv.webp
283,Super Meat Boy 3D,https://live.vkvideo.ru/jmisha/playlist/e0bce1a6-6900-473b-8f92-f413cc56b38b/video/e93e71f7-1540-4593-9eb3-d348a2079c02?tab=playlists,,https://rutube.ru/plst/1731998,https://images.igdb.com/igdb/image/upload/t_cover_big/co9y1x.webp
284,Life is Strange: Reunion,https://live.vkvideo.ru/jmisha/playlist/df464428-8b1c-47ea-93b9-219e8c31b373/video/6ae9c3fd-8c39-4d9c-92e9-8304f673f5d2?tab=playlists,,https://rutube.ru/plst/1731999,https://images.igdb.com/igdb/image/upload/t_cover_big/cobbp8.webp
285,Darwin's Paradox!,https://live.vkvideo.ru/jmisha/playlist/51ac2ec1-8b6d-46ae-9dba-b05f657eed02/video/1d30cb60-bb80-49c2-a76d-7680f2f09c0d?tab=playlists,,https://rutube.ru/plst/1732000,https://images.igdb.com/igdb/image/upload/t_cover_big/co9e1h.webp
286,Mouse: P.I. For Hire,https://live.vkvideo.ru/jmisha/playlist/35e6f023-dc15-4cae-a935-9949b424a3d0/video/9bdd6475-c4b3-4af2-b825-1f04654db291?tab=playlists,,https://rutube.ru/plst/1732001,https://images.igdb.com/igdb/image/upload/t_cover_big/coaacx.webp
287,Opus: Prism Peak,https://live.vkvideo.ru/jmisha/playlist/357cae0c-de52-4e5c-a7c1-ee2effc54aea/video/cb7bf8ef-c24a-4949-8b70-0fc374019009?tab=playlists,,https://rutube.ru/plst/1732003,https://images.igdb.com/igdb/image/upload/t_cover_big/co631y.webp
288,Pragmata,https://live.vkvideo.ru/jmisha/playlist/83650d0c-63e0-4490-9bbd-5aa6603dbd1a/video/4666786e-72dc-4aa0-984a-6939370c6bcb?tab=playlists,,https://rutube.ru/plst/1732004,https://images.igdb.com/igdb/image/upload/t_cover_big/cobxnx.webp
289,Assassin's Creed Shadows: Claws of Awaji,https://live.vkvideo.ru/jmisha/playlist/96bce645-6eb6-4dca-8bbe-4b12ce389775/video/eb38aee8-368a-4861-8be2-97e2c3e0b33b?tab=playlists,,https://rutube.ru/plst/1732005,https://images.igdb.com/igdb/image/upload/t_cover_big/co9bfw.webp
290,"Warhammer 40,000: Space Marine II",https://live.vkvideo.ru/jmisha/playlist/e15beaf6-f5e5-4c1c-a39c-367e38c8a760/video/c6474494-1efc-4980-b71f-306cb4e12f3f?tab=playlists,,https://rutube.ru/plst/1732006,https://images.igdb.com/igdb/image/upload/t_cover_big/co5vab.webp
291,Mixtape,https://live.vkvideo.ru/jmisha/playlist/45abba88-b0a8-4e00-b1bc-cbedfec19735/video/8407e1f2-bc40-4d95-a91a-cf0909d7e696?tab=playlists,,https://rutube.ru/plst/1732008,https://images.igdb.com/igdb/image/upload/t_cover_big/coc2wi.webp
292,The Occultist,https://live.vkvideo.ru/jmisha/playlist/23e4839f-f9ff-44c4-bdef-4da8e703e6a6/video/0b50519e-9f12-4bfb-b979-1a2a4f68a849?tab=playlists,,https://rutube.ru/plst/1732009,https://images.igdb.com/igdb/image/upload/t_cover_big/coa9j6.webp
293,Metal Eden,https://live.vkvideo.ru/jmisha/playlist/cf0e4c65-3dbe-45fa-a8a1-d4b5d4a70839/video/b64f2d19-44b1-4c0c-b019-5c15e14ce221?tab=playlists,,https://rutube.ru/plst/1732011,https://images.igdb.com/igdb/image/upload/t_cover_big/co9f8x.webp
294,Motorslice,https://live.vkvideo.ru/jmisha/playlist/4ab0de4d-f052-408f-8ae7-807fff7dc859/video/5530fafa-c0c1-4ac6-b29b-950a45c5ffcd?tab=playlists,,https://rutube.ru/plst/1732012,https://images.igdb.com/igdb/image/upload/t_cover_big/co8b9v.webp
295,Directive 8020,https://live.vkvideo.ru/jmisha/playlist/246bc024-639c-45bf-9e3e-8fafee043195/video/eaa95b6d-0e34-480a-a4f9-5d6f3fe5bb77?tab=playlists,,https://rutube.ru/plst/1732013,https://images.igdb.com/igdb/image/upload/t_cover_big/co8t96.webp
296,Call of the Elder Gods,https://live.vkvideo.ru/jmisha/playlist/6df99428-dddf-42af-bd83-78454ef1806d/video/6ca23dc3-95f4-4678-9b6c-a04d5b7c9e9e?tab=playlists,,https://rutube.ru/plst/1732015,https://images.igdb.com/igdb/image/upload/t_cover_big/co9xoj.webp
297,Forza Horizon 6,https://live.vkvideo.ru/jmisha/playlist/c01cdadb-4207-4387-870e-b1f74bc41ecd/video/ec509957-518d-4d11-a486-f1633cb2334d?tab=playlists,,https://rutube.ru/plst/1732016,https://images.igdb.com/igdb/image/upload/t_cover_big/cobc5n.webp
298,LEGO Batman: Legacy of the Dark Knight,https://live.vkvideo.ru/jmisha/playlist/c0fb24d9-9e24-48b6-a89c-8a20cce656a9/video/18b9c87f-3290-47fa-b3f8-3a69092a6033?tab=playlists,,https://rutube.ru/plst/1732017,https://images.igdb.com/igdb/image/upload/t_cover_big/coab09.webp
299,007 First Light,https://live.vkvideo.ru/jmisha/playlist/2aacb642-7397-4c67-9575-e1fb87e00caf/video/aa5c7d11-ac30-48dd-afcf-b247d7ed2d4d?tab=playlists,,https://rutube.ru/plst/1732018,https://images.igdb.com/igdb/image/upload/t_cover_big/coaoiz.webp
300,Gothic 1 Remake,https://live.vkvideo.ru/jmisha/playlist/5ad69374-93a2-4903-b4b0-d778c58ca1ef/video/88c79be6-8078-469b-b016-a15b1c129171?tab=playlists,,https://rutube.ru/plst/1732021,https://images.igdb.com/igdb/image/upload/t_cover_big/co9lfu.webp
301,Luna Abyss,https://live.vkvideo.ru/jmisha/playlist/23ce2bbe-5a1c-43b5-b435-cfbda2a7f306/video/c4bcdc24-ad2c-4f99-ab7d-79b7ac454781?tab=playlists,,https://rutube.ru/plst/1732023,https://images.igdb.com/igdb/image/upload/t_cover_big/coa1i3.webp
302,Replaced,https://live.vkvideo.ru/jmisha/playlist/87e4941a-cf98-4b1f-aabb-0e96aa8ab622/video/a3e6462f-a14a-45b8-805c-4ce956dd1f71?tab=playlists,,https://rutube.ru/plst/1732024,https://images.igdb.com/igdb/image/upload/t_cover_big/co39rf.webp
303,Legacy of Kain: Ascendance,https://live.vkvideo.ru/jmisha/playlist/fe78914d-024b-4272-b868-7ac34d2298a7/video/bc961b6f-c2ba-495b-9149-37f63ab16332?tab=playlists,,https://rutube.ru/plst/1732025,https://images.igdb.com/igdb/image/upload/t_cover_big/cobjp8.webp
304,Rumbral,https://live.vkvideo.ru/jmisha/playlist/efb3c367-85fe-48fb-8069-015def381489/video/1b5d7b9b-8a00-434b-9b3f-cac4d50b72f5?tab=playlists,,https://rutube.ru/plst/1732027,https://images.igdb.com/igdb/image/upload/t_cover_big/co9u3t.webp
305,Fatal Frame Maiden of Black Water,https://live.vkvideo.ru/jmisha/playlist/29512889-b3c0-4137-9880-85b5e2318fdf/video/8706c5bd-7a32-4196-9ca2-b14162ee76aa?tab=playlists,,https://rutube.ru/plst/1732029,https://images.igdb.com/igdb/image/upload/t_cover_big/co3zdo.webp
306,Deer & Boy,https://live.vkvideo.ru/jmisha/playlist/ec109818-3b84-423f-8b43-fed9a98f9f1f/video/4e865533-10ba-4433-9c5a-0fb5031d2d12?tab=playlists,,https://rutube.ru/plst/1732031,https://images.igdb.com/igdb/image/upload/t_cover_big/cocbxh.webp
307,Mina the Hollower,https://live.vkvideo.ru/jmisha/playlist/21dd9918-3459-4bc6-8f5c-22ec8310d9b6/video/bf1373e7-d74d-4914-9000-d614968524d3?tab=playlists,,https://rutube.ru/plst/1693116,https://images.igdb.com/igdb/image/upload/t_cover_big/co4g15.webp
308,Aphelion,https://live.vkvideo.ru/jmisha/playlist/b1d2e57d-1934-4547-8291-1ee3e350a89a/video/f4edf85c-fbe3-4968-9fd2-3aee470675c6?tab=playlists,,https://rutube.ru/plst/1732049,https://images.igdb.com/igdb/image/upload/t_cover_big/cobrkd.webp
309,Rhythm Heaven Groove,https://live.vkvideo.ru/jmisha/playlist/0ee56886-86ae-4fbc-adc2-83190ae3821a/video/cf888881-b22a-472e-a733-3e2de15805a1?tab=playlists,,https://rutube.ru/plst/1732050,https://images.igdb.com/igdb/image/upload/t_cover_big/cobwkn.webp
310,Onimusha Warlords,https://live.vkvideo.ru/jmisha/playlist/3a7354c0-8c10-4f3b-996b-c667b2ea934c/video/e5c6ba9b-84b6-42fc-a6d7-542e18163e52?tab=playlists,,https://rutube.ru/plst/1732052,https://images.igdb.com/igdb/image/upload/t_cover_big/co4r13.webp
311,Onimusha 2: Samurai's Destiny,https://live.vkvideo.ru/jmisha/playlist/4d35adb3-49ec-4b68-8b41-a1211aec231f/video/25830750-5995-47c8-baa1-a4cdf63ec4b5?tab=playlists,,https://rutube.ru/plst/1732053,https://images.igdb.com/igdb/image/upload/t_cover_big/cob1u1.webp
312,Onimusha 3: Demon Siege,https://live.vkvideo.ru/jmisha/playlist/095d3fef-14af-4459-a79b-4607ff7de149/video/54438899-1870-4f30-b792-b605b065fe28?tab=playlists,,https://rutube.ru/plst/1732054,https://images.igdb.com/igdb/image/upload/t_cover_big/co4qts.webp
313,Denshattack!,https://live.vkvideo.ru/jmisha/playlist/87542463-54a1-424f-8af6-3de9a887e75b/video/5417022b-8c51-408b-a186-377c7bf2d01c?tab=playlists,,https://rutube.ru/plst/1732056,https://images.igdb.com/igdb/image/upload/t_cover_big/coaawz.webp
314,Little Nightmares III: The Backstage,https://live.vkvideo.ru/jmisha/playlist/823f4e7f-5024-465c-8f27-bfc046e127cb/video/e7b8e4f1-91ab-429d-aaa2-f0737da73871?tab=playlists,,https://rutube.ru/plst/1732058,https://images.igdb.com/igdb/image/upload/t_cover_big/coc6wy.webp
315,Assassin's Creed Black Flag Resynced,https://live.vkvideo.ru/jmisha/playlist/3b666293-f50d-4188-9ea2-661a2e9a8fa0/video/d1cd1dcb-86c4-4cb3-9f29-6e1356f901c0?tab=playlists,,https://rutube.ru/plst/1771331,https://images.igdb.com/igdb/image/upload/t_cover_big/cobyue.webp
316,Doom: The Dark Ages DLC,https://live.vkvideo.ru/jmisha/playlist/f71f2cc5-0d7d-419d-ba32-209eed8d172d/video/e96b391a-cf26-4d13-80e2-f4c4f8678885?tab=playlists,,https://rutube.ru/plst/1771333,https://images.igdb.com/igdb/image/upload/t_cover_big/coc73j.webp
317,Moss - The Forgotten Relic,https://live.vkvideo.ru/jmisha/playlist/85f1116b-d639-45fb-b73d-71ea000683d0/video/a5b4ae54-69d5-47e8-9bed-33dae0459b49?tab=playlists,,https://rutube.ru/plst/1771335,https://images.igdb.com/igdb/image/upload/t_cover_big/coc2pc.webp
318,Halo: Campaign Evolved,https://live.vkvideo.ru/jmisha/playlist/6bb1299a-1154-4967-9b7d-2032ee61eb64/video/f256044a-c602-4529-8b79-ad2b3b135637?tab=playlists,,https://rutube.ru/plst/1771336,https://images.igdb.com/igdb/image/upload/t_cover_big/coaqxe.webp
319,Onimusha: Dawn of Dreams,https://live.vkvideo.ru/jmisha/playlist/e9d5ef15-6e14-4eb9-bb06-16f1cddae9b6/video/d097202a-f5fe-4d6e-84c9-e40c1c8ebbab?tab=playlists,,https://rutube.ru/plst/1771338,https://images.igdb.com/igdb/image/upload/t_cover_big/coc5r8.webp
320,Reanimal: The Prisoner,https://live.vkvideo.ru/jmisha/playlist/00462394-910d-4982-9769-b2fa871d4cfa/video/356f21e7-d9d6-4bc7-924e-6a545a148810?tab=playlists,,https://rutube.ru/plst/1771341,https://images.igdb.com/igdb/image/upload/t_cover_big/cocn1t.webp
321,Trine 5: A Clockwork Conspiracy,https://live.vkvideo.ru/jmisha/playlist/6c88e034-02d3-440b-b5f9-606c9d131c01/video/fdd7f7f7-a2c3-4a6a-9027-9729242cb910?tab=playlists,,https://rutube.ru/plst/1771342,https://images.igdb.com/igdb/image/upload/t_cover_big/co6dpx.webp
322,Duskfade,https://live.vkvideo.ru/jmisha/playlist/169d273f-6a6f-4a82-9a92-4865d38bd292/video/891b3479-5463-4154-8911-7d3b777371c8?tab=playlists,,https://rutube.ru/plst/1771344,https://images.igdb.com/igdb/image/upload/t_cover_big/cocda0.webp
323,,,,,
324,,,,,
325,,,,,
326,,,,,
327,,,,,
328,,,,,
329,,,,,
330,,,,,
331,,,,,
332,,,,,
333,,,,,
334,,,,,
335,,,,,
336,,,,,
337,,,,,
338,,,,,
339,,,,,
340,,,,,
341,,,,,
342,,,,,
343,,,,,
344,,,,,
345,,,,,
346,,,,,
347,,,,,
348,,,,,
349,,,,,
350,,,,,
351,,,,,
352,,,,,
353,,,,,
354,,,,,
355,,,,,
356,,,,,
357,,,,,
358,,,,,
359,,,,,
360,,,,,
361,,,,,
362,,,,,
363,,,,,
364,,,,,
365,,,,,
366,,,,,
367,,,,,
368,,,,,
369,,,,,
370,,,,,
371,,,,,
372,,,,,
373,,,,,
374,,,,,
375,,,,,
376,,,,,
377,,,,,
378,,,,,
379,,,,,
380,,,,,
381,,,,,
382,,,,,
383,,,,,
384,,,,,
385,,,,,
386,,,,,
387,,,,,
388,,,,,
389,,,,,
390,,,,,
391,,,,,
392,,,,,
393,,,,,
394,,,,,
395,,,,,
396,,,,,
397,,,,,
398,,,,,
399,,,,,
400,,,,,
401,,,,,
402,,,,,
403,,,,,
404,,,,,
405,,,,,
406,,,,,
407,,,,,
408,,,,,
409,,,,,
410,,,,,
411,,,,,
412,,,,,
413,,,,,
414,,,,,
415,,,,,
416,,,,,
417,,,,,
418,,,,,
419,,,,,
420,,,,,
421,,,,,
422,,,,,
423,,,,,
424,,,,,
425,,,,,
426,,,,,
427,,,,,
428,,,,,
429,,,,,
430,,,,,
431,,,,,
432,,,,,
433,,,,,
434,,,,,
435,,,,,
436,,,,,
437,,,,,
438,,,,,
439,,,,,
440,,,,,
441,,,,,
442,,,,,
443,,,,,
444,,,,,
445,,,,,
446,,,,,
447,,,,,
448,,,,,
449,,,,,
450,,,,,
451,,,,,
452,,,,,
453,,,,,
454,,,,,
455,,,,,
456,,,,,
457,,,,,
458,,,,,
459,,,,,
460,,,,,
461,,,,,
462,,,,,
463,,,,,
464,,,,,
465,,,,,
466,,,,,
467,,,,,
468,,,,,
469,,,,,
470,,,,,
471,,,,,
472,,,,,
473,,,,,
474,,,,,
475,,,,,
476,,,,,
477,,,,,
478,,,,,
479,,,,,
480,,,,,
481,,,,,
482,,,,,
483,,,,,
484,,,,,
485,,,,,
486,,,,,
487,,,,,
488,,,,,
489,,,,,
490,,,,,
491,,,,,
492,,,,,
493,,,,,
494,,,,,
495,,,,,
496,,,,,
497,,,,,
498,,,,,
499,,,,,
500,,,,,
501,,,,,
502,,,,,
503,,,,,
504,,,,,
505,,,,,
506,,,,,
507,,,,,
508,,,,,
509,,,,,
510,,,,,
511,,,,,
512,,,,,
513,,,,,
514,,,,,
515,,,,,
516,,,,,
517,,,,,
518,,,,,
519,,,,,
520,,,,,
521,,,,,
522,,,,,
523,,,,,
524,,,,,
525,,,,,
526,,,,,
527,,,,,
528,,,,,
529,,,,,
530,,,,,